"Name_Sr","Email Address_SR","Company_Name_Sr","Phone_Number_SR","Department_SR","Number of Employees_SR","Comments_Sr","Iï¿½m not a robot___Sree","LEGAL_TASK","Requirements"
"","","","Entered details should be displayed","","","","","",""
"valid","Valid","valid","valid","Admin","Less than 50","Valid","Check","true",""
"valid","Valid","valid","valid","Admin","Less than 50","Valid","Uncheck","true",""
"valid","Valid","valid","valid","Admin","Less than 50","Invalid","Check","true",""
"valid","Valid","valid","valid","Admin","Less than 50","Invalid","Uncheck","true",""
"valid","Valid","valid","valid","Admin","5- to 200","Valid","Check","true",""
"valid","Valid","valid","valid","Admin","5- to 200","Valid","Uncheck","true",""
"valid","Valid","valid","valid","Admin","5- to 200","Invalid","Check","true",""
"valid","Valid","valid","valid","Admin","5- to 200","Invalid","Uncheck","true",""
"valid","Valid","valid","valid","Admin","201 to 2500 ","Valid","Check","true",""
"valid","Valid","valid","valid","Admin","201 to 2500 ","Valid","Uncheck","true",""
"valid","Valid","valid","valid","Admin","201 to 2500 ","Invalid","Check","true",""
"valid","Valid","valid","valid","Admin","201 to 2500 ","Invalid","Uncheck","true",""
"valid","Valid","valid","valid","Admin","More than 2500.","Valid","Check","true",""
"valid","Valid","valid","valid","Admin","More than 2500.","Valid","Uncheck","true",""
"valid","Valid","valid","valid","Admin","More than 2500.","Invalid","Check","true",""
"valid","Valid","valid","valid","Admin","More than 2500.","Invalid","Uncheck","true",""
"valid","Valid","valid","valid","Finance","Less than 50","Valid","Check","true",""
"valid","Valid","valid","valid","Finance","Less than 50","Valid","Uncheck","true",""
"valid","Valid","valid","valid","Finance","Less than 50","Invalid","Check","true",""
"valid","Valid","valid","valid","Finance","Less than 50","Invalid","Uncheck","true",""
"valid","Valid","valid","valid","Finance","5- to 200","Valid","Check","true",""
"valid","Valid","valid","valid","Finance","5- to 200","Valid","Uncheck","true",""
"valid","Valid","valid","valid","Finance","5- to 200","Invalid","Check","true",""
"valid","Valid","valid","valid","Finance","5- to 200","Invalid","Uncheck","true",""
"valid","Valid","valid","valid","Finance","201 to 2500 ","Valid","Check","true",""
"valid","Valid","valid","valid","Finance","201 to 2500 ","Valid","Uncheck","true",""
"valid","Valid","valid","valid","Finance","201 to 2500 ","Invalid","Check","true",""
"valid","Valid","valid","valid","Finance","201 to 2500 ","Invalid","Uncheck","true",""
"valid","Valid","valid","valid","Finance","More than 2500.","Valid","Check","true",""
"valid","Valid","valid","valid","Finance","More than 2500.","Valid","Uncheck","true",""
"valid","Valid","valid","valid","Finance","More than 2500.","Invalid","Check","true",""
"valid","Valid","valid","valid","Finance","More than 2500.","Invalid","Uncheck","true",""
"valid","Valid","valid","valid","Travel desk","Less than 50","Valid","Check","true",""
"valid","Valid","valid","valid","Travel desk","Less than 50","Valid","Uncheck","true",""
"valid","Valid","valid","valid","Travel desk","Less than 50","Invalid","Check","true",""
"valid","Valid","valid","valid","Travel desk","Less than 50","Invalid","Uncheck","true",""
"valid","Valid","valid","valid","Travel desk","5- to 200","Valid","Check","true",""
"valid","Valid","valid","valid","Travel desk","5- to 200","Valid","Uncheck","true",""
"valid","Valid","valid","valid","Travel desk","5- to 200","Invalid","Check","true",""
"valid","Valid","valid","valid","Travel desk","5- to 200","Invalid","Uncheck","true",""
"valid","Valid","valid","valid","Travel desk","201 to 2500 ","Valid","Check","true",""
"valid","Valid","valid","valid","Travel desk","201 to 2500 ","Valid","Uncheck","true",""
"valid","Valid","valid","valid","Travel desk","201 to 2500 ","Invalid","Check","true",""
"valid","Valid","valid","valid","Travel desk","201 to 2500 ","Invalid","Uncheck","true",""
"valid","Valid","valid","valid","Travel desk","More than 2500.","Valid","Check","true",""
"valid","Valid","valid","valid","Travel desk","More than 2500.","Valid","Uncheck","true",""
"valid","Valid","valid","valid","Travel desk","More than 2500.","Invalid","Check","true",""
"valid","Valid","valid","valid","Travel desk","More than 2500.","Invalid","Uncheck","true",""
"valid","Valid","valid","valid","HR & Others.","Less than 50","Valid","Check","true",""
"valid","Valid","valid","valid","HR & Others.","Less than 50","Valid","Uncheck","true",""
"valid","Valid","valid","valid","HR & Others.","Less than 50","Invalid","Check","true",""
"valid","Valid","valid","valid","HR & Others.","Less than 50","Invalid","Uncheck","true",""
"valid","Valid","valid","valid","HR & Others.","5- to 200","Valid","Check","true",""
"valid","Valid","valid","valid","HR & Others.","5- to 200","Valid","Uncheck","true",""
"valid","Valid","valid","valid","HR & Others.","5- to 200","Invalid","Check","true",""
"valid","Valid","valid","valid","HR & Others.","5- to 200","Invalid","Uncheck","true",""
"valid","Valid","valid","valid","HR & Others.","201 to 2500 ","Valid","Check","true",""
"valid","Valid","valid","valid","HR & Others.","201 to 2500 ","Valid","Uncheck","true",""
"valid","Valid","valid","valid","HR & Others.","201 to 2500 ","Invalid","Check","true",""
"valid","Valid","valid","valid","HR & Others.","201 to 2500 ","Invalid","Uncheck","true",""
"valid","Valid","valid","valid","HR & Others.","More than 2500.","Valid","Check","true",""
"valid","Valid","valid","valid","HR & Others.","More than 2500.","Valid","Uncheck","true",""
"valid","Valid","valid","valid","HR & Others.","More than 2500.","Invalid","Check","true",""
"valid","Valid","valid","valid","HR & Others.","More than 2500.","Invalid","Uncheck","true",""
"valid","Valid","valid","invalid","Admin","Less than 50","Valid","Check","true",""
"valid","Valid","valid","invalid","Admin","Less than 50","Valid","Uncheck","true",""
"valid","Valid","valid","invalid","Admin","Less than 50","Invalid","Check","true",""
"valid","Valid","valid","invalid","Admin","Less than 50","Invalid","Uncheck","true",""
"valid","Valid","valid","invalid","Admin","5- to 200","Valid","Check","true",""
"valid","Valid","valid","invalid","Admin","5- to 200","Valid","Uncheck","true",""
"valid","Valid","valid","invalid","Admin","5- to 200","Invalid","Check","true",""
"valid","Valid","valid","invalid","Admin","5- to 200","Invalid","Uncheck","true",""
"valid","Valid","valid","invalid","Admin","201 to 2500 ","Valid","Check","true",""
"valid","Valid","valid","invalid","Admin","201 to 2500 ","Valid","Uncheck","true",""
"valid","Valid","valid","invalid","Admin","201 to 2500 ","Invalid","Check","true",""
"valid","Valid","valid","invalid","Admin","201 to 2500 ","Invalid","Uncheck","true",""
"valid","Valid","valid","invalid","Admin","More than 2500.","Valid","Check","true",""
"valid","Valid","valid","invalid","Admin","More than 2500.","Valid","Uncheck","true",""
"valid","Valid","valid","invalid","Admin","More than 2500.","Invalid","Check","true",""
"valid","Valid","valid","invalid","Admin","More than 2500.","Invalid","Uncheck","true",""
"valid","Valid","valid","invalid","Finance","Less than 50","Valid","Check","true",""
"valid","Valid","valid","invalid","Finance","Less than 50","Valid","Uncheck","true",""
"valid","Valid","valid","invalid","Finance","Less than 50","Invalid","Check","true",""
"valid","Valid","valid","invalid","Finance","Less than 50","Invalid","Uncheck","true",""
"valid","Valid","valid","invalid","Finance","5- to 200","Valid","Check","true",""
"valid","Valid","valid","invalid","Finance","5- to 200","Valid","Uncheck","true",""
"valid","Valid","valid","invalid","Finance","5- to 200","Invalid","Check","true",""
"valid","Valid","valid","invalid","Finance","5- to 200","Invalid","Uncheck","true",""
"valid","Valid","valid","invalid","Finance","201 to 2500 ","Valid","Check","true",""
"valid","Valid","valid","invalid","Finance","201 to 2500 ","Valid","Uncheck","true",""
"valid","Valid","valid","invalid","Finance","201 to 2500 ","Invalid","Check","true",""
"valid","Valid","valid","invalid","Finance","201 to 2500 ","Invalid","Uncheck","true",""
"valid","Valid","valid","invalid","Finance","More than 2500.","Valid","Check","true",""
"valid","Valid","valid","invalid","Finance","More than 2500.","Valid","Uncheck","true",""
"valid","Valid","valid","invalid","Finance","More than 2500.","Invalid","Check","true",""
"valid","Valid","valid","invalid","Finance","More than 2500.","Invalid","Uncheck","true",""
"valid","Valid","valid","invalid","Travel desk","Less than 50","Valid","Check","true",""
"valid","Valid","valid","invalid","Travel desk","Less than 50","Valid","Uncheck","true",""
"valid","Valid","valid","invalid","Travel desk","Less than 50","Invalid","Check","true",""
"valid","Valid","valid","invalid","Travel desk","Less than 50","Invalid","Uncheck","true",""
"valid","Valid","valid","invalid","Travel desk","5- to 200","Valid","Check","true",""
"valid","Valid","valid","invalid","Travel desk","5- to 200","Valid","Uncheck","true",""
"valid","Valid","valid","invalid","Travel desk","5- to 200","Invalid","Check","true",""
"valid","Valid","valid","invalid","Travel desk","5- to 200","Invalid","Uncheck","true",""
"valid","Valid","valid","invalid","Travel desk","201 to 2500 ","Valid","Check","true",""
"valid","Valid","valid","invalid","Travel desk","201 to 2500 ","Valid","Uncheck","true",""
"valid","Valid","valid","invalid","Travel desk","201 to 2500 ","Invalid","Check","true",""
"valid","Valid","valid","invalid","Travel desk","201 to 2500 ","Invalid","Uncheck","true",""
"valid","Valid","valid","invalid","Travel desk","More than 2500.","Valid","Check","true",""
"valid","Valid","valid","invalid","Travel desk","More than 2500.","Valid","Uncheck","true",""
"valid","Valid","valid","invalid","Travel desk","More than 2500.","Invalid","Check","true",""
"valid","Valid","valid","invalid","Travel desk","More than 2500.","Invalid","Uncheck","true",""
"valid","Valid","valid","invalid","HR & Others.","Less than 50","Valid","Check","true",""
"valid","Valid","valid","invalid","HR & Others.","Less than 50","Valid","Uncheck","true",""
"valid","Valid","valid","invalid","HR & Others.","Less than 50","Invalid","Check","true",""
"valid","Valid","valid","invalid","HR & Others.","Less than 50","Invalid","Uncheck","true",""
"valid","Valid","valid","invalid","HR & Others.","5- to 200","Valid","Check","true",""
"valid","Valid","valid","invalid","HR & Others.","5- to 200","Valid","Uncheck","true",""
"valid","Valid","valid","invalid","HR & Others.","5- to 200","Invalid","Check","true",""
"valid","Valid","valid","invalid","HR & Others.","5- to 200","Invalid","Uncheck","true",""
"valid","Valid","valid","invalid","HR & Others.","201 to 2500 ","Valid","Check","true",""
"valid","Valid","valid","invalid","HR & Others.","201 to 2500 ","Valid","Uncheck","true",""
"valid","Valid","valid","invalid","HR & Others.","201 to 2500 ","Invalid","Check","true",""
"valid","Valid","valid","invalid","HR & Others.","201 to 2500 ","Invalid","Uncheck","true",""
"valid","Valid","valid","invalid","HR & Others.","More than 2500.","Valid","Check","true",""
"valid","Valid","valid","invalid","HR & Others.","More than 2500.","Valid","Uncheck","true",""
"valid","Valid","valid","invalid","HR & Others.","More than 2500.","Invalid","Check","true",""
"valid","Valid","valid","invalid","HR & Others.","More than 2500.","Invalid","Uncheck","true",""
"valid","Valid","invalid","valid","Admin","Less than 50","Valid","Check","true",""
"valid","Valid","invalid","valid","Admin","Less than 50","Valid","Uncheck","true",""
"valid","Valid","invalid","valid","Admin","Less than 50","Invalid","Check","true",""
"valid","Valid","invalid","valid","Admin","Less than 50","Invalid","Uncheck","true",""
"valid","Valid","invalid","valid","Admin","5- to 200","Valid","Check","true",""
"valid","Valid","invalid","valid","Admin","5- to 200","Valid","Uncheck","true",""
"valid","Valid","invalid","valid","Admin","5- to 200","Invalid","Check","true",""
"valid","Valid","invalid","valid","Admin","5- to 200","Invalid","Uncheck","true",""
"valid","Valid","invalid","valid","Admin","201 to 2500 ","Valid","Check","true",""
"valid","Valid","invalid","valid","Admin","201 to 2500 ","Valid","Uncheck","true",""
"valid","Valid","invalid","valid","Admin","201 to 2500 ","Invalid","Check","true",""
"valid","Valid","invalid","valid","Admin","201 to 2500 ","Invalid","Uncheck","true",""
"valid","Valid","invalid","valid","Admin","More than 2500.","Valid","Check","true",""
"valid","Valid","invalid","valid","Admin","More than 2500.","Valid","Uncheck","true",""
"valid","Valid","invalid","valid","Admin","More than 2500.","Invalid","Check","true",""
"valid","Valid","invalid","valid","Admin","More than 2500.","Invalid","Uncheck","true",""
"valid","Valid","invalid","valid","Finance","Less than 50","Valid","Check","true",""
"valid","Valid","invalid","valid","Finance","Less than 50","Valid","Uncheck","true",""
"valid","Valid","invalid","valid","Finance","Less than 50","Invalid","Check","true",""
"valid","Valid","invalid","valid","Finance","Less than 50","Invalid","Uncheck","true",""
"valid","Valid","invalid","valid","Finance","5- to 200","Valid","Check","true",""
"valid","Valid","invalid","valid","Finance","5- to 200","Valid","Uncheck","true",""
"valid","Valid","invalid","valid","Finance","5- to 200","Invalid","Check","true",""
"valid","Valid","invalid","valid","Finance","5- to 200","Invalid","Uncheck","true",""
"valid","Valid","invalid","valid","Finance","201 to 2500 ","Valid","Check","true",""
"valid","Valid","invalid","valid","Finance","201 to 2500 ","Valid","Uncheck","true",""
"valid","Valid","invalid","valid","Finance","201 to 2500 ","Invalid","Check","true",""
"valid","Valid","invalid","valid","Finance","201 to 2500 ","Invalid","Uncheck","true",""
"valid","Valid","invalid","valid","Finance","More than 2500.","Valid","Check","true",""
"valid","Valid","invalid","valid","Finance","More than 2500.","Valid","Uncheck","true",""
"valid","Valid","invalid","valid","Finance","More than 2500.","Invalid","Check","true",""
"valid","Valid","invalid","valid","Finance","More than 2500.","Invalid","Uncheck","true",""
"valid","Valid","invalid","valid","Travel desk","Less than 50","Valid","Check","true",""
"valid","Valid","invalid","valid","Travel desk","Less than 50","Valid","Uncheck","true",""
"valid","Valid","invalid","valid","Travel desk","Less than 50","Invalid","Check","true",""
"valid","Valid","invalid","valid","Travel desk","Less than 50","Invalid","Uncheck","true",""
"valid","Valid","invalid","valid","Travel desk","5- to 200","Valid","Check","true",""
"valid","Valid","invalid","valid","Travel desk","5- to 200","Valid","Uncheck","true",""
"valid","Valid","invalid","valid","Travel desk","5- to 200","Invalid","Check","true",""
"valid","Valid","invalid","valid","Travel desk","5- to 200","Invalid","Uncheck","true",""
"valid","Valid","invalid","valid","Travel desk","201 to 2500 ","Valid","Check","true",""
"valid","Valid","invalid","valid","Travel desk","201 to 2500 ","Valid","Uncheck","true",""
"valid","Valid","invalid","valid","Travel desk","201 to 2500 ","Invalid","Check","true",""
"valid","Valid","invalid","valid","Travel desk","201 to 2500 ","Invalid","Uncheck","true",""
"valid","Valid","invalid","valid","Travel desk","More than 2500.","Valid","Check","true",""
"valid","Valid","invalid","valid","Travel desk","More than 2500.","Valid","Uncheck","true",""
"valid","Valid","invalid","valid","Travel desk","More than 2500.","Invalid","Check","true",""
"valid","Valid","invalid","valid","Travel desk","More than 2500.","Invalid","Uncheck","true",""
"valid","Valid","invalid","valid","HR & Others.","Less than 50","Valid","Check","true",""
"valid","Valid","invalid","valid","HR & Others.","Less than 50","Valid","Uncheck","true",""
"valid","Valid","invalid","valid","HR & Others.","Less than 50","Invalid","Check","true",""
"valid","Valid","invalid","valid","HR & Others.","Less than 50","Invalid","Uncheck","true",""
"valid","Valid","invalid","valid","HR & Others.","5- to 200","Valid","Check","true",""
"valid","Valid","invalid","valid","HR & Others.","5- to 200","Valid","Uncheck","true",""
"valid","Valid","invalid","valid","HR & Others.","5- to 200","Invalid","Check","true",""
"valid","Valid","invalid","valid","HR & Others.","5- to 200","Invalid","Uncheck","true",""
"valid","Valid","invalid","valid","HR & Others.","201 to 2500 ","Valid","Check","true",""
"valid","Valid","invalid","valid","HR & Others.","201 to 2500 ","Valid","Uncheck","true",""
"valid","Valid","invalid","valid","HR & Others.","201 to 2500 ","Invalid","Check","true",""
"valid","Valid","invalid","valid","HR & Others.","201 to 2500 ","Invalid","Uncheck","true",""
"valid","Valid","invalid","valid","HR & Others.","More than 2500.","Valid","Check","true",""
"valid","Valid","invalid","valid","HR & Others.","More than 2500.","Valid","Uncheck","true",""
"valid","Valid","invalid","valid","HR & Others.","More than 2500.","Invalid","Check","true",""
"valid","Valid","invalid","valid","HR & Others.","More than 2500.","Invalid","Uncheck","true",""
"valid","Valid","invalid","invalid","Admin","Less than 50","Valid","Check","true",""
"valid","Valid","invalid","invalid","Admin","Less than 50","Valid","Uncheck","true",""
"valid","Valid","invalid","invalid","Admin","Less than 50","Invalid","Check","true",""
"valid","Valid","invalid","invalid","Admin","Less than 50","Invalid","Uncheck","true",""
"valid","Valid","invalid","invalid","Admin","5- to 200","Valid","Check","true",""
"valid","Valid","invalid","invalid","Admin","5- to 200","Valid","Uncheck","true",""
"valid","Valid","invalid","invalid","Admin","5- to 200","Invalid","Check","true",""
"valid","Valid","invalid","invalid","Admin","5- to 200","Invalid","Uncheck","true",""
"valid","Valid","invalid","invalid","Admin","201 to 2500 ","Valid","Check","true",""
"valid","Valid","invalid","invalid","Admin","201 to 2500 ","Valid","Uncheck","true",""
"valid","Valid","invalid","invalid","Admin","201 to 2500 ","Invalid","Check","true",""
"valid","Valid","invalid","invalid","Admin","201 to 2500 ","Invalid","Uncheck","true",""
"valid","Valid","invalid","invalid","Admin","More than 2500.","Valid","Check","true",""
"valid","Valid","invalid","invalid","Admin","More than 2500.","Valid","Uncheck","true",""
"valid","Valid","invalid","invalid","Admin","More than 2500.","Invalid","Check","true",""
"valid","Valid","invalid","invalid","Admin","More than 2500.","Invalid","Uncheck","true",""
"valid","Valid","invalid","invalid","Finance","Less than 50","Valid","Check","true",""
"valid","Valid","invalid","invalid","Finance","Less than 50","Valid","Uncheck","true",""
"valid","Valid","invalid","invalid","Finance","Less than 50","Invalid","Check","true",""
"valid","Valid","invalid","invalid","Finance","Less than 50","Invalid","Uncheck","true",""
"valid","Valid","invalid","invalid","Finance","5- to 200","Valid","Check","true",""
"valid","Valid","invalid","invalid","Finance","5- to 200","Valid","Uncheck","true",""
"valid","Valid","invalid","invalid","Finance","5- to 200","Invalid","Check","true",""
"valid","Valid","invalid","invalid","Finance","5- to 200","Invalid","Uncheck","true",""
"valid","Valid","invalid","invalid","Finance","201 to 2500 ","Valid","Check","true",""
"valid","Valid","invalid","invalid","Finance","201 to 2500 ","Valid","Uncheck","true",""
"valid","Valid","invalid","invalid","Finance","201 to 2500 ","Invalid","Check","true",""
"valid","Valid","invalid","invalid","Finance","201 to 2500 ","Invalid","Uncheck","true",""
"valid","Valid","invalid","invalid","Finance","More than 2500.","Valid","Check","true",""
"valid","Valid","invalid","invalid","Finance","More than 2500.","Valid","Uncheck","true",""
"valid","Valid","invalid","invalid","Finance","More than 2500.","Invalid","Check","true",""
"valid","Valid","invalid","invalid","Finance","More than 2500.","Invalid","Uncheck","true",""
"valid","Valid","invalid","invalid","Travel desk","Less than 50","Valid","Check","true",""
"valid","Valid","invalid","invalid","Travel desk","Less than 50","Valid","Uncheck","true",""
"valid","Valid","invalid","invalid","Travel desk","Less than 50","Invalid","Check","true",""
"valid","Valid","invalid","invalid","Travel desk","Less than 50","Invalid","Uncheck","true",""
"valid","Valid","invalid","invalid","Travel desk","5- to 200","Valid","Check","true",""
"valid","Valid","invalid","invalid","Travel desk","5- to 200","Valid","Uncheck","true",""
"valid","Valid","invalid","invalid","Travel desk","5- to 200","Invalid","Check","true",""
"valid","Valid","invalid","invalid","Travel desk","5- to 200","Invalid","Uncheck","true",""
"valid","Valid","invalid","invalid","Travel desk","201 to 2500 ","Valid","Check","true",""
"valid","Valid","invalid","invalid","Travel desk","201 to 2500 ","Valid","Uncheck","true",""
"valid","Valid","invalid","invalid","Travel desk","201 to 2500 ","Invalid","Check","true",""
"valid","Valid","invalid","invalid","Travel desk","201 to 2500 ","Invalid","Uncheck","true",""
"valid","Valid","invalid","invalid","Travel desk","More than 2500.","Valid","Check","true",""
"valid","Valid","invalid","invalid","Travel desk","More than 2500.","Valid","Uncheck","true",""
"valid","Valid","invalid","invalid","Travel desk","More than 2500.","Invalid","Check","true",""
"valid","Valid","invalid","invalid","Travel desk","More than 2500.","Invalid","Uncheck","true",""
"valid","Valid","invalid","invalid","HR & Others.","Less than 50","Valid","Check","true",""
"valid","Valid","invalid","invalid","HR & Others.","Less than 50","Valid","Uncheck","true",""
"valid","Valid","invalid","invalid","HR & Others.","Less than 50","Invalid","Check","true",""
"valid","Valid","invalid","invalid","HR & Others.","Less than 50","Invalid","Uncheck","true",""
"valid","Valid","invalid","invalid","HR & Others.","5- to 200","Valid","Check","true",""
"valid","Valid","invalid","invalid","HR & Others.","5- to 200","Valid","Uncheck","true",""
"valid","Valid","invalid","invalid","HR & Others.","5- to 200","Invalid","Check","true",""
"valid","Valid","invalid","invalid","HR & Others.","5- to 200","Invalid","Uncheck","true",""
"valid","Valid","invalid","invalid","HR & Others.","201 to 2500 ","Valid","Check","true",""
"valid","Valid","invalid","invalid","HR & Others.","201 to 2500 ","Valid","Uncheck","true",""
"valid","Valid","invalid","invalid","HR & Others.","201 to 2500 ","Invalid","Check","true",""
"valid","Valid","invalid","invalid","HR & Others.","201 to 2500 ","Invalid","Uncheck","true",""
"valid","Valid","invalid","invalid","HR & Others.","More than 2500.","Valid","Check","true",""
"valid","Valid","invalid","invalid","HR & Others.","More than 2500.","Valid","Uncheck","true",""
"valid","Valid","invalid","invalid","HR & Others.","More than 2500.","Invalid","Check","true",""
"valid","Valid","invalid","invalid","HR & Others.","More than 2500.","Invalid","Uncheck","true",""
"valid","Invalid","valid","valid","Admin","Less than 50","Valid","Check","true",""
"valid","Invalid","valid","valid","Admin","Less than 50","Valid","Uncheck","true",""
"valid","Invalid","valid","valid","Admin","Less than 50","Invalid","Check","true",""
"valid","Invalid","valid","valid","Admin","Less than 50","Invalid","Uncheck","true",""
"valid","Invalid","valid","valid","Admin","5- to 200","Valid","Check","true",""
"valid","Invalid","valid","valid","Admin","5- to 200","Valid","Uncheck","true",""
"valid","Invalid","valid","valid","Admin","5- to 200","Invalid","Check","true",""
"valid","Invalid","valid","valid","Admin","5- to 200","Invalid","Uncheck","true",""
"valid","Invalid","valid","valid","Admin","201 to 2500 ","Valid","Check","true",""
"valid","Invalid","valid","valid","Admin","201 to 2500 ","Valid","Uncheck","true",""
"valid","Invalid","valid","valid","Admin","201 to 2500 ","Invalid","Check","true",""
"valid","Invalid","valid","valid","Admin","201 to 2500 ","Invalid","Uncheck","true",""
"valid","Invalid","valid","valid","Admin","More than 2500.","Valid","Check","true",""
"valid","Invalid","valid","valid","Admin","More than 2500.","Valid","Uncheck","true",""
"valid","Invalid","valid","valid","Admin","More than 2500.","Invalid","Check","true",""
"valid","Invalid","valid","valid","Admin","More than 2500.","Invalid","Uncheck","true",""
"valid","Invalid","valid","valid","Finance","Less than 50","Valid","Check","true",""
"valid","Invalid","valid","valid","Finance","Less than 50","Valid","Uncheck","true",""
"valid","Invalid","valid","valid","Finance","Less than 50","Invalid","Check","true",""
"valid","Invalid","valid","valid","Finance","Less than 50","Invalid","Uncheck","true",""
"valid","Invalid","valid","valid","Finance","5- to 200","Valid","Check","true",""
"valid","Invalid","valid","valid","Finance","5- to 200","Valid","Uncheck","true",""
"valid","Invalid","valid","valid","Finance","5- to 200","Invalid","Check","true",""
"valid","Invalid","valid","valid","Finance","5- to 200","Invalid","Uncheck","true",""
"valid","Invalid","valid","valid","Finance","201 to 2500 ","Valid","Check","true",""
"valid","Invalid","valid","valid","Finance","201 to 2500 ","Valid","Uncheck","true",""
"valid","Invalid","valid","valid","Finance","201 to 2500 ","Invalid","Check","true",""
"valid","Invalid","valid","valid","Finance","201 to 2500 ","Invalid","Uncheck","true",""
"valid","Invalid","valid","valid","Finance","More than 2500.","Valid","Check","true",""
"valid","Invalid","valid","valid","Finance","More than 2500.","Valid","Uncheck","true",""
"valid","Invalid","valid","valid","Finance","More than 2500.","Invalid","Check","true",""
"valid","Invalid","valid","valid","Finance","More than 2500.","Invalid","Uncheck","true",""
"valid","Invalid","valid","valid","Travel desk","Less than 50","Valid","Check","true",""
"valid","Invalid","valid","valid","Travel desk","Less than 50","Valid","Uncheck","true",""
"valid","Invalid","valid","valid","Travel desk","Less than 50","Invalid","Check","true",""
"valid","Invalid","valid","valid","Travel desk","Less than 50","Invalid","Uncheck","true",""
"valid","Invalid","valid","valid","Travel desk","5- to 200","Valid","Check","true",""
"valid","Invalid","valid","valid","Travel desk","5- to 200","Valid","Uncheck","true",""
"valid","Invalid","valid","valid","Travel desk","5- to 200","Invalid","Check","true",""
"valid","Invalid","valid","valid","Travel desk","5- to 200","Invalid","Uncheck","true",""
"valid","Invalid","valid","valid","Travel desk","201 to 2500 ","Valid","Check","true",""
"valid","Invalid","valid","valid","Travel desk","201 to 2500 ","Valid","Uncheck","true",""
"valid","Invalid","valid","valid","Travel desk","201 to 2500 ","Invalid","Check","true",""
"valid","Invalid","valid","valid","Travel desk","201 to 2500 ","Invalid","Uncheck","true",""
"valid","Invalid","valid","valid","Travel desk","More than 2500.","Valid","Check","true",""
"valid","Invalid","valid","valid","Travel desk","More than 2500.","Valid","Uncheck","true",""
"valid","Invalid","valid","valid","Travel desk","More than 2500.","Invalid","Check","true",""
"valid","Invalid","valid","valid","Travel desk","More than 2500.","Invalid","Uncheck","true",""
"valid","Invalid","valid","valid","HR & Others.","Less than 50","Valid","Check","true",""
"valid","Invalid","valid","valid","HR & Others.","Less than 50","Valid","Uncheck","true",""
"valid","Invalid","valid","valid","HR & Others.","Less than 50","Invalid","Check","true",""
"valid","Invalid","valid","valid","HR & Others.","Less than 50","Invalid","Uncheck","true",""
"valid","Invalid","valid","valid","HR & Others.","5- to 200","Valid","Check","true",""
"valid","Invalid","valid","valid","HR & Others.","5- to 200","Valid","Uncheck","true",""
"valid","Invalid","valid","valid","HR & Others.","5- to 200","Invalid","Check","true",""
"valid","Invalid","valid","valid","HR & Others.","5- to 200","Invalid","Uncheck","true",""
"valid","Invalid","valid","valid","HR & Others.","201 to 2500 ","Valid","Check","true",""
"valid","Invalid","valid","valid","HR & Others.","201 to 2500 ","Valid","Uncheck","true",""
"valid","Invalid","valid","valid","HR & Others.","201 to 2500 ","Invalid","Check","true",""
"valid","Invalid","valid","valid","HR & Others.","201 to 2500 ","Invalid","Uncheck","true",""
"valid","Invalid","valid","valid","HR & Others.","More than 2500.","Valid","Check","true",""
"valid","Invalid","valid","valid","HR & Others.","More than 2500.","Valid","Uncheck","true",""
"valid","Invalid","valid","valid","HR & Others.","More than 2500.","Invalid","Check","true",""
"valid","Invalid","valid","valid","HR & Others.","More than 2500.","Invalid","Uncheck","true",""
"valid","Invalid","valid","invalid","Admin","Less than 50","Valid","Check","true",""
"valid","Invalid","valid","invalid","Admin","Less than 50","Valid","Uncheck","true",""
"valid","Invalid","valid","invalid","Admin","Less than 50","Invalid","Check","true",""
"valid","Invalid","valid","invalid","Admin","Less than 50","Invalid","Uncheck","true",""
"valid","Invalid","valid","invalid","Admin","5- to 200","Valid","Check","true",""
"valid","Invalid","valid","invalid","Admin","5- to 200","Valid","Uncheck","true",""
"valid","Invalid","valid","invalid","Admin","5- to 200","Invalid","Check","true",""
"valid","Invalid","valid","invalid","Admin","5- to 200","Invalid","Uncheck","true",""
"valid","Invalid","valid","invalid","Admin","201 to 2500 ","Valid","Check","true",""
"valid","Invalid","valid","invalid","Admin","201 to 2500 ","Valid","Uncheck","true",""
"valid","Invalid","valid","invalid","Admin","201 to 2500 ","Invalid","Check","true",""
"valid","Invalid","valid","invalid","Admin","201 to 2500 ","Invalid","Uncheck","true",""
"valid","Invalid","valid","invalid","Admin","More than 2500.","Valid","Check","true",""
"valid","Invalid","valid","invalid","Admin","More than 2500.","Valid","Uncheck","true",""
"valid","Invalid","valid","invalid","Admin","More than 2500.","Invalid","Check","true",""
"valid","Invalid","valid","invalid","Admin","More than 2500.","Invalid","Uncheck","true",""
"valid","Invalid","valid","invalid","Finance","Less than 50","Valid","Check","true",""
"valid","Invalid","valid","invalid","Finance","Less than 50","Valid","Uncheck","true",""
"valid","Invalid","valid","invalid","Finance","Less than 50","Invalid","Check","true",""
"valid","Invalid","valid","invalid","Finance","Less than 50","Invalid","Uncheck","true",""
"valid","Invalid","valid","invalid","Finance","5- to 200","Valid","Check","true",""
"valid","Invalid","valid","invalid","Finance","5- to 200","Valid","Uncheck","true",""
"valid","Invalid","valid","invalid","Finance","5- to 200","Invalid","Check","true",""
"valid","Invalid","valid","invalid","Finance","5- to 200","Invalid","Uncheck","true",""
"valid","Invalid","valid","invalid","Finance","201 to 2500 ","Valid","Check","true",""
"valid","Invalid","valid","invalid","Finance","201 to 2500 ","Valid","Uncheck","true",""
"valid","Invalid","valid","invalid","Finance","201 to 2500 ","Invalid","Check","true",""
"valid","Invalid","valid","invalid","Finance","201 to 2500 ","Invalid","Uncheck","true",""
"valid","Invalid","valid","invalid","Finance","More than 2500.","Valid","Check","true",""
"valid","Invalid","valid","invalid","Finance","More than 2500.","Valid","Uncheck","true",""
"valid","Invalid","valid","invalid","Finance","More than 2500.","Invalid","Check","true",""
"valid","Invalid","valid","invalid","Finance","More than 2500.","Invalid","Uncheck","true",""
"valid","Invalid","valid","invalid","Travel desk","Less than 50","Valid","Check","true",""
"valid","Invalid","valid","invalid","Travel desk","Less than 50","Valid","Uncheck","true",""
"valid","Invalid","valid","invalid","Travel desk","Less than 50","Invalid","Check","true",""
"valid","Invalid","valid","invalid","Travel desk","Less than 50","Invalid","Uncheck","true",""
"valid","Invalid","valid","invalid","Travel desk","5- to 200","Valid","Check","true",""
"valid","Invalid","valid","invalid","Travel desk","5- to 200","Valid","Uncheck","true",""
"valid","Invalid","valid","invalid","Travel desk","5- to 200","Invalid","Check","true",""
"valid","Invalid","valid","invalid","Travel desk","5- to 200","Invalid","Uncheck","true",""
"valid","Invalid","valid","invalid","Travel desk","201 to 2500 ","Valid","Check","true",""
"valid","Invalid","valid","invalid","Travel desk","201 to 2500 ","Valid","Uncheck","true",""
"valid","Invalid","valid","invalid","Travel desk","201 to 2500 ","Invalid","Check","true",""
"valid","Invalid","valid","invalid","Travel desk","201 to 2500 ","Invalid","Uncheck","true",""
"valid","Invalid","valid","invalid","Travel desk","More than 2500.","Valid","Check","true",""
"valid","Invalid","valid","invalid","Travel desk","More than 2500.","Valid","Uncheck","true",""
"valid","Invalid","valid","invalid","Travel desk","More than 2500.","Invalid","Check","true",""
"valid","Invalid","valid","invalid","Travel desk","More than 2500.","Invalid","Uncheck","true",""
"valid","Invalid","valid","invalid","HR & Others.","Less than 50","Valid","Check","true",""
"valid","Invalid","valid","invalid","HR & Others.","Less than 50","Valid","Uncheck","true",""
"valid","Invalid","valid","invalid","HR & Others.","Less than 50","Invalid","Check","true",""
"valid","Invalid","valid","invalid","HR & Others.","Less than 50","Invalid","Uncheck","true",""
"valid","Invalid","valid","invalid","HR & Others.","5- to 200","Valid","Check","true",""
"valid","Invalid","valid","invalid","HR & Others.","5- to 200","Valid","Uncheck","true",""
"valid","Invalid","valid","invalid","HR & Others.","5- to 200","Invalid","Check","true",""
"valid","Invalid","valid","invalid","HR & Others.","5- to 200","Invalid","Uncheck","true",""
"valid","Invalid","valid","invalid","HR & Others.","201 to 2500 ","Valid","Check","true",""
"valid","Invalid","valid","invalid","HR & Others.","201 to 2500 ","Valid","Uncheck","true",""
"valid","Invalid","valid","invalid","HR & Others.","201 to 2500 ","Invalid","Check","true",""
"valid","Invalid","valid","invalid","HR & Others.","201 to 2500 ","Invalid","Uncheck","true",""
"valid","Invalid","valid","invalid","HR & Others.","More than 2500.","Valid","Check","true",""
"valid","Invalid","valid","invalid","HR & Others.","More than 2500.","Valid","Uncheck","true",""
"valid","Invalid","valid","invalid","HR & Others.","More than 2500.","Invalid","Check","true",""
"valid","Invalid","valid","invalid","HR & Others.","More than 2500.","Invalid","Uncheck","true",""
"valid","Invalid","invalid","valid","Admin","Less than 50","Valid","Check","true",""
"valid","Invalid","invalid","valid","Admin","Less than 50","Valid","Uncheck","true",""
"valid","Invalid","invalid","valid","Admin","Less than 50","Invalid","Check","true",""
"valid","Invalid","invalid","valid","Admin","Less than 50","Invalid","Uncheck","true",""
"valid","Invalid","invalid","valid","Admin","5- to 200","Valid","Check","true",""
"valid","Invalid","invalid","valid","Admin","5- to 200","Valid","Uncheck","true",""
"valid","Invalid","invalid","valid","Admin","5- to 200","Invalid","Check","true",""
"valid","Invalid","invalid","valid","Admin","5- to 200","Invalid","Uncheck","true",""
"valid","Invalid","invalid","valid","Admin","201 to 2500 ","Valid","Check","true",""
"valid","Invalid","invalid","valid","Admin","201 to 2500 ","Valid","Uncheck","true",""
"valid","Invalid","invalid","valid","Admin","201 to 2500 ","Invalid","Check","true",""
"valid","Invalid","invalid","valid","Admin","201 to 2500 ","Invalid","Uncheck","true",""
"valid","Invalid","invalid","valid","Admin","More than 2500.","Valid","Check","true",""
"valid","Invalid","invalid","valid","Admin","More than 2500.","Valid","Uncheck","true",""
"valid","Invalid","invalid","valid","Admin","More than 2500.","Invalid","Check","true",""
"valid","Invalid","invalid","valid","Admin","More than 2500.","Invalid","Uncheck","true",""
"valid","Invalid","invalid","valid","Finance","Less than 50","Valid","Check","true",""
"valid","Invalid","invalid","valid","Finance","Less than 50","Valid","Uncheck","true",""
"valid","Invalid","invalid","valid","Finance","Less than 50","Invalid","Check","true",""
"valid","Invalid","invalid","valid","Finance","Less than 50","Invalid","Uncheck","true",""
"valid","Invalid","invalid","valid","Finance","5- to 200","Valid","Check","true",""
"valid","Invalid","invalid","valid","Finance","5- to 200","Valid","Uncheck","true",""
"valid","Invalid","invalid","valid","Finance","5- to 200","Invalid","Check","true",""
"valid","Invalid","invalid","valid","Finance","5- to 200","Invalid","Uncheck","true",""
"valid","Invalid","invalid","valid","Finance","201 to 2500 ","Valid","Check","true",""
"valid","Invalid","invalid","valid","Finance","201 to 2500 ","Valid","Uncheck","true",""
"valid","Invalid","invalid","valid","Finance","201 to 2500 ","Invalid","Check","true",""
"valid","Invalid","invalid","valid","Finance","201 to 2500 ","Invalid","Uncheck","true",""
"valid","Invalid","invalid","valid","Finance","More than 2500.","Valid","Check","true",""
"valid","Invalid","invalid","valid","Finance","More than 2500.","Valid","Uncheck","true",""
"valid","Invalid","invalid","valid","Finance","More than 2500.","Invalid","Check","true",""
"valid","Invalid","invalid","valid","Finance","More than 2500.","Invalid","Uncheck","true",""
"valid","Invalid","invalid","valid","Travel desk","Less than 50","Valid","Check","true",""
"valid","Invalid","invalid","valid","Travel desk","Less than 50","Valid","Uncheck","true",""
"valid","Invalid","invalid","valid","Travel desk","Less than 50","Invalid","Check","true",""
"valid","Invalid","invalid","valid","Travel desk","Less than 50","Invalid","Uncheck","true",""
"valid","Invalid","invalid","valid","Travel desk","5- to 200","Valid","Check","true",""
"valid","Invalid","invalid","valid","Travel desk","5- to 200","Valid","Uncheck","true",""
"valid","Invalid","invalid","valid","Travel desk","5- to 200","Invalid","Check","true",""
"valid","Invalid","invalid","valid","Travel desk","5- to 200","Invalid","Uncheck","true",""
"valid","Invalid","invalid","valid","Travel desk","201 to 2500 ","Valid","Check","true",""
"valid","Invalid","invalid","valid","Travel desk","201 to 2500 ","Valid","Uncheck","true",""
"valid","Invalid","invalid","valid","Travel desk","201 to 2500 ","Invalid","Check","true",""
"valid","Invalid","invalid","valid","Travel desk","201 to 2500 ","Invalid","Uncheck","true",""
"valid","Invalid","invalid","valid","Travel desk","More than 2500.","Valid","Check","true",""
"valid","Invalid","invalid","valid","Travel desk","More than 2500.","Valid","Uncheck","true",""
"valid","Invalid","invalid","valid","Travel desk","More than 2500.","Invalid","Check","true",""
"valid","Invalid","invalid","valid","Travel desk","More than 2500.","Invalid","Uncheck","true",""
"valid","Invalid","invalid","valid","HR & Others.","Less than 50","Valid","Check","true",""
"valid","Invalid","invalid","valid","HR & Others.","Less than 50","Valid","Uncheck","true",""
"valid","Invalid","invalid","valid","HR & Others.","Less than 50","Invalid","Check","true",""
"valid","Invalid","invalid","valid","HR & Others.","Less than 50","Invalid","Uncheck","true",""
"valid","Invalid","invalid","valid","HR & Others.","5- to 200","Valid","Check","true",""
"valid","Invalid","invalid","valid","HR & Others.","5- to 200","Valid","Uncheck","true",""
"valid","Invalid","invalid","valid","HR & Others.","5- to 200","Invalid","Check","true",""
"valid","Invalid","invalid","valid","HR & Others.","5- to 200","Invalid","Uncheck","true",""
"valid","Invalid","invalid","valid","HR & Others.","201 to 2500 ","Valid","Check","true",""
"valid","Invalid","invalid","valid","HR & Others.","201 to 2500 ","Valid","Uncheck","true",""
"valid","Invalid","invalid","valid","HR & Others.","201 to 2500 ","Invalid","Check","true",""
"valid","Invalid","invalid","valid","HR & Others.","201 to 2500 ","Invalid","Uncheck","true",""
"valid","Invalid","invalid","valid","HR & Others.","More than 2500.","Valid","Check","true",""
"valid","Invalid","invalid","valid","HR & Others.","More than 2500.","Valid","Uncheck","true",""
"valid","Invalid","invalid","valid","HR & Others.","More than 2500.","Invalid","Check","true",""
"valid","Invalid","invalid","valid","HR & Others.","More than 2500.","Invalid","Uncheck","true",""
"valid","Invalid","invalid","invalid","Admin","Less than 50","Valid","Check","true",""
"valid","Invalid","invalid","invalid","Admin","Less than 50","Valid","Uncheck","true",""
"valid","Invalid","invalid","invalid","Admin","Less than 50","Invalid","Check","true",""
"valid","Invalid","invalid","invalid","Admin","Less than 50","Invalid","Uncheck","true",""
"valid","Invalid","invalid","invalid","Admin","5- to 200","Valid","Check","true",""
"valid","Invalid","invalid","invalid","Admin","5- to 200","Valid","Uncheck","true",""
"valid","Invalid","invalid","invalid","Admin","5- to 200","Invalid","Check","true",""
"valid","Invalid","invalid","invalid","Admin","5- to 200","Invalid","Uncheck","true",""
"valid","Invalid","invalid","invalid","Admin","201 to 2500 ","Valid","Check","true",""
"valid","Invalid","invalid","invalid","Admin","201 to 2500 ","Valid","Uncheck","true",""
"valid","Invalid","invalid","invalid","Admin","201 to 2500 ","Invalid","Check","true",""
"valid","Invalid","invalid","invalid","Admin","201 to 2500 ","Invalid","Uncheck","true",""
"valid","Invalid","invalid","invalid","Admin","More than 2500.","Valid","Check","true",""
"valid","Invalid","invalid","invalid","Admin","More than 2500.","Valid","Uncheck","true",""
"valid","Invalid","invalid","invalid","Admin","More than 2500.","Invalid","Check","true",""
"valid","Invalid","invalid","invalid","Admin","More than 2500.","Invalid","Uncheck","true",""
"valid","Invalid","invalid","invalid","Finance","Less than 50","Valid","Check","true",""
"valid","Invalid","invalid","invalid","Finance","Less than 50","Valid","Uncheck","true",""
"valid","Invalid","invalid","invalid","Finance","Less than 50","Invalid","Check","true",""
"valid","Invalid","invalid","invalid","Finance","Less than 50","Invalid","Uncheck","true",""
"valid","Invalid","invalid","invalid","Finance","5- to 200","Valid","Check","true",""
"valid","Invalid","invalid","invalid","Finance","5- to 200","Valid","Uncheck","true",""
"valid","Invalid","invalid","invalid","Finance","5- to 200","Invalid","Check","true",""
"valid","Invalid","invalid","invalid","Finance","5- to 200","Invalid","Uncheck","true",""
"valid","Invalid","invalid","invalid","Finance","201 to 2500 ","Valid","Check","true",""
"valid","Invalid","invalid","invalid","Finance","201 to 2500 ","Valid","Uncheck","true",""
"valid","Invalid","invalid","invalid","Finance","201 to 2500 ","Invalid","Check","true",""
"valid","Invalid","invalid","invalid","Finance","201 to 2500 ","Invalid","Uncheck","true",""
"valid","Invalid","invalid","invalid","Finance","More than 2500.","Valid","Check","true",""
"valid","Invalid","invalid","invalid","Finance","More than 2500.","Valid","Uncheck","true",""
"valid","Invalid","invalid","invalid","Finance","More than 2500.","Invalid","Check","true",""
"valid","Invalid","invalid","invalid","Finance","More than 2500.","Invalid","Uncheck","true",""
"valid","Invalid","invalid","invalid","Travel desk","Less than 50","Valid","Check","true",""
"valid","Invalid","invalid","invalid","Travel desk","Less than 50","Valid","Uncheck","true",""
"valid","Invalid","invalid","invalid","Travel desk","Less than 50","Invalid","Check","true",""
"valid","Invalid","invalid","invalid","Travel desk","Less than 50","Invalid","Uncheck","true",""
"valid","Invalid","invalid","invalid","Travel desk","5- to 200","Valid","Check","true",""
"valid","Invalid","invalid","invalid","Travel desk","5- to 200","Valid","Uncheck","true",""
"valid","Invalid","invalid","invalid","Travel desk","5- to 200","Invalid","Check","true",""
"valid","Invalid","invalid","invalid","Travel desk","5- to 200","Invalid","Uncheck","true",""
"valid","Invalid","invalid","invalid","Travel desk","201 to 2500 ","Valid","Check","true",""
"valid","Invalid","invalid","invalid","Travel desk","201 to 2500 ","Valid","Uncheck","true",""
"valid","Invalid","invalid","invalid","Travel desk","201 to 2500 ","Invalid","Check","true",""
"valid","Invalid","invalid","invalid","Travel desk","201 to 2500 ","Invalid","Uncheck","true",""
"valid","Invalid","invalid","invalid","Travel desk","More than 2500.","Valid","Check","true",""
"valid","Invalid","invalid","invalid","Travel desk","More than 2500.","Valid","Uncheck","true",""
"valid","Invalid","invalid","invalid","Travel desk","More than 2500.","Invalid","Check","true",""
"valid","Invalid","invalid","invalid","Travel desk","More than 2500.","Invalid","Uncheck","true",""
"valid","Invalid","invalid","invalid","HR & Others.","Less than 50","Valid","Check","true",""
"valid","Invalid","invalid","invalid","HR & Others.","Less than 50","Valid","Uncheck","true",""
"valid","Invalid","invalid","invalid","HR & Others.","Less than 50","Invalid","Check","true",""
"valid","Invalid","invalid","invalid","HR & Others.","Less than 50","Invalid","Uncheck","true",""
"valid","Invalid","invalid","invalid","HR & Others.","5- to 200","Valid","Check","true",""
"valid","Invalid","invalid","invalid","HR & Others.","5- to 200","Valid","Uncheck","true",""
"valid","Invalid","invalid","invalid","HR & Others.","5- to 200","Invalid","Check","true",""
"valid","Invalid","invalid","invalid","HR & Others.","5- to 200","Invalid","Uncheck","true",""
"valid","Invalid","invalid","invalid","HR & Others.","201 to 2500 ","Valid","Check","true",""
"valid","Invalid","invalid","invalid","HR & Others.","201 to 2500 ","Valid","Uncheck","true",""
"valid","Invalid","invalid","invalid","HR & Others.","201 to 2500 ","Invalid","Check","true",""
"valid","Invalid","invalid","invalid","HR & Others.","201 to 2500 ","Invalid","Uncheck","true",""
"valid","Invalid","invalid","invalid","HR & Others.","More than 2500.","Valid","Check","true",""
"valid","Invalid","invalid","invalid","HR & Others.","More than 2500.","Valid","Uncheck","true",""
"valid","Invalid","invalid","invalid","HR & Others.","More than 2500.","Invalid","Check","true",""
"valid","Invalid","invalid","invalid","HR & Others.","More than 2500.","Invalid","Uncheck","true",""
"invalid","Valid","valid","valid","Admin","Less than 50","Valid","Check","true",""
"invalid","Valid","valid","valid","Admin","Less than 50","Valid","Uncheck","true",""
"invalid","Valid","valid","valid","Admin","Less than 50","Invalid","Check","true",""
"invalid","Valid","valid","valid","Admin","Less than 50","Invalid","Uncheck","true",""
"invalid","Valid","valid","valid","Admin","5- to 200","Valid","Check","true",""
"invalid","Valid","valid","valid","Admin","5- to 200","Valid","Uncheck","true",""
"invalid","Valid","valid","valid","Admin","5- to 200","Invalid","Check","true",""
"invalid","Valid","valid","valid","Admin","5- to 200","Invalid","Uncheck","true",""
"invalid","Valid","valid","valid","Admin","201 to 2500 ","Valid","Check","true",""
"invalid","Valid","valid","valid","Admin","201 to 2500 ","Valid","Uncheck","true",""
"invalid","Valid","valid","valid","Admin","201 to 2500 ","Invalid","Check","true",""
"invalid","Valid","valid","valid","Admin","201 to 2500 ","Invalid","Uncheck","true",""
"invalid","Valid","valid","valid","Admin","More than 2500.","Valid","Check","true",""
"invalid","Valid","valid","valid","Admin","More than 2500.","Valid","Uncheck","true",""
"invalid","Valid","valid","valid","Admin","More than 2500.","Invalid","Check","true",""
"invalid","Valid","valid","valid","Admin","More than 2500.","Invalid","Uncheck","true",""
"invalid","Valid","valid","valid","Finance","Less than 50","Valid","Check","true",""
"invalid","Valid","valid","valid","Finance","Less than 50","Valid","Uncheck","true",""
"invalid","Valid","valid","valid","Finance","Less than 50","Invalid","Check","true",""
"invalid","Valid","valid","valid","Finance","Less than 50","Invalid","Uncheck","true",""
"invalid","Valid","valid","valid","Finance","5- to 200","Valid","Check","true",""
"invalid","Valid","valid","valid","Finance","5- to 200","Valid","Uncheck","true",""
"invalid","Valid","valid","valid","Finance","5- to 200","Invalid","Check","true",""
"invalid","Valid","valid","valid","Finance","5- to 200","Invalid","Uncheck","true",""
"invalid","Valid","valid","valid","Finance","201 to 2500 ","Valid","Check","true",""
"invalid","Valid","valid","valid","Finance","201 to 2500 ","Valid","Uncheck","true",""
"invalid","Valid","valid","valid","Finance","201 to 2500 ","Invalid","Check","true",""
"invalid","Valid","valid","valid","Finance","201 to 2500 ","Invalid","Uncheck","true",""
"invalid","Valid","valid","valid","Finance","More than 2500.","Valid","Check","true",""
"invalid","Valid","valid","valid","Finance","More than 2500.","Valid","Uncheck","true",""
"invalid","Valid","valid","valid","Finance","More than 2500.","Invalid","Check","true",""
"invalid","Valid","valid","valid","Finance","More than 2500.","Invalid","Uncheck","true",""
"invalid","Valid","valid","valid","Travel desk","Less than 50","Valid","Check","true",""
"invalid","Valid","valid","valid","Travel desk","Less than 50","Valid","Uncheck","true",""
"invalid","Valid","valid","valid","Travel desk","Less than 50","Invalid","Check","true",""
"invalid","Valid","valid","valid","Travel desk","Less than 50","Invalid","Uncheck","true",""
"invalid","Valid","valid","valid","Travel desk","5- to 200","Valid","Check","true",""
"invalid","Valid","valid","valid","Travel desk","5- to 200","Valid","Uncheck","true",""
"invalid","Valid","valid","valid","Travel desk","5- to 200","Invalid","Check","true",""
"invalid","Valid","valid","valid","Travel desk","5- to 200","Invalid","Uncheck","true",""
"invalid","Valid","valid","valid","Travel desk","201 to 2500 ","Valid","Check","true",""
"invalid","Valid","valid","valid","Travel desk","201 to 2500 ","Valid","Uncheck","true",""
"invalid","Valid","valid","valid","Travel desk","201 to 2500 ","Invalid","Check","true",""
"invalid","Valid","valid","valid","Travel desk","201 to 2500 ","Invalid","Uncheck","true",""
"invalid","Valid","valid","valid","Travel desk","More than 2500.","Valid","Check","true",""
"invalid","Valid","valid","valid","Travel desk","More than 2500.","Valid","Uncheck","true",""
"invalid","Valid","valid","valid","Travel desk","More than 2500.","Invalid","Check","true",""
"invalid","Valid","valid","valid","Travel desk","More than 2500.","Invalid","Uncheck","true",""
"invalid","Valid","valid","valid","HR & Others.","Less than 50","Valid","Check","true",""
"invalid","Valid","valid","valid","HR & Others.","Less than 50","Valid","Uncheck","true",""
"invalid","Valid","valid","valid","HR & Others.","Less than 50","Invalid","Check","true",""
"invalid","Valid","valid","valid","HR & Others.","Less than 50","Invalid","Uncheck","true",""
"invalid","Valid","valid","valid","HR & Others.","5- to 200","Valid","Check","true",""
"invalid","Valid","valid","valid","HR & Others.","5- to 200","Valid","Uncheck","true",""
"invalid","Valid","valid","valid","HR & Others.","5- to 200","Invalid","Check","true",""
"invalid","Valid","valid","valid","HR & Others.","5- to 200","Invalid","Uncheck","true",""
"invalid","Valid","valid","valid","HR & Others.","201 to 2500 ","Valid","Check","true",""
"invalid","Valid","valid","valid","HR & Others.","201 to 2500 ","Valid","Uncheck","true",""
"invalid","Valid","valid","valid","HR & Others.","201 to 2500 ","Invalid","Check","true",""
"invalid","Valid","valid","valid","HR & Others.","201 to 2500 ","Invalid","Uncheck","true",""
"invalid","Valid","valid","valid","HR & Others.","More than 2500.","Valid","Check","true",""
"invalid","Valid","valid","valid","HR & Others.","More than 2500.","Valid","Uncheck","true",""
"invalid","Valid","valid","valid","HR & Others.","More than 2500.","Invalid","Check","true",""
"invalid","Valid","valid","valid","HR & Others.","More than 2500.","Invalid","Uncheck","true",""
"invalid","Valid","valid","invalid","Admin","Less than 50","Valid","Check","true",""
"invalid","Valid","valid","invalid","Admin","Less than 50","Valid","Uncheck","true",""
"invalid","Valid","valid","invalid","Admin","Less than 50","Invalid","Check","true",""
"invalid","Valid","valid","invalid","Admin","Less than 50","Invalid","Uncheck","true",""
"invalid","Valid","valid","invalid","Admin","5- to 200","Valid","Check","true",""
"invalid","Valid","valid","invalid","Admin","5- to 200","Valid","Uncheck","true",""
"invalid","Valid","valid","invalid","Admin","5- to 200","Invalid","Check","true",""
"invalid","Valid","valid","invalid","Admin","5- to 200","Invalid","Uncheck","true",""
"invalid","Valid","valid","invalid","Admin","201 to 2500 ","Valid","Check","true",""
"invalid","Valid","valid","invalid","Admin","201 to 2500 ","Valid","Uncheck","true",""
"invalid","Valid","valid","invalid","Admin","201 to 2500 ","Invalid","Check","true",""
"invalid","Valid","valid","invalid","Admin","201 to 2500 ","Invalid","Uncheck","true",""
"invalid","Valid","valid","invalid","Admin","More than 2500.","Valid","Check","true",""
"invalid","Valid","valid","invalid","Admin","More than 2500.","Valid","Uncheck","true",""
"invalid","Valid","valid","invalid","Admin","More than 2500.","Invalid","Check","true",""
"invalid","Valid","valid","invalid","Admin","More than 2500.","Invalid","Uncheck","true",""
"invalid","Valid","valid","invalid","Finance","Less than 50","Valid","Check","true",""
"invalid","Valid","valid","invalid","Finance","Less than 50","Valid","Uncheck","true",""
"invalid","Valid","valid","invalid","Finance","Less than 50","Invalid","Check","true",""
"invalid","Valid","valid","invalid","Finance","Less than 50","Invalid","Uncheck","true",""
"invalid","Valid","valid","invalid","Finance","5- to 200","Valid","Check","true",""
"invalid","Valid","valid","invalid","Finance","5- to 200","Valid","Uncheck","true",""
"invalid","Valid","valid","invalid","Finance","5- to 200","Invalid","Check","true",""
"invalid","Valid","valid","invalid","Finance","5- to 200","Invalid","Uncheck","true",""
"invalid","Valid","valid","invalid","Finance","201 to 2500 ","Valid","Check","true",""
"invalid","Valid","valid","invalid","Finance","201 to 2500 ","Valid","Uncheck","true",""
"invalid","Valid","valid","invalid","Finance","201 to 2500 ","Invalid","Check","true",""
"invalid","Valid","valid","invalid","Finance","201 to 2500 ","Invalid","Uncheck","true",""
"invalid","Valid","valid","invalid","Finance","More than 2500.","Valid","Check","true",""
"invalid","Valid","valid","invalid","Finance","More than 2500.","Valid","Uncheck","true",""
"invalid","Valid","valid","invalid","Finance","More than 2500.","Invalid","Check","true",""
"invalid","Valid","valid","invalid","Finance","More than 2500.","Invalid","Uncheck","true",""
"invalid","Valid","valid","invalid","Travel desk","Less than 50","Valid","Check","true",""
"invalid","Valid","valid","invalid","Travel desk","Less than 50","Valid","Uncheck","true",""
"invalid","Valid","valid","invalid","Travel desk","Less than 50","Invalid","Check","true",""
"invalid","Valid","valid","invalid","Travel desk","Less than 50","Invalid","Uncheck","true",""
"invalid","Valid","valid","invalid","Travel desk","5- to 200","Valid","Check","true",""
"invalid","Valid","valid","invalid","Travel desk","5- to 200","Valid","Uncheck","true",""
"invalid","Valid","valid","invalid","Travel desk","5- to 200","Invalid","Check","true",""
"invalid","Valid","valid","invalid","Travel desk","5- to 200","Invalid","Uncheck","true",""
"invalid","Valid","valid","invalid","Travel desk","201 to 2500 ","Valid","Check","true",""
"invalid","Valid","valid","invalid","Travel desk","201 to 2500 ","Valid","Uncheck","true",""
"invalid","Valid","valid","invalid","Travel desk","201 to 2500 ","Invalid","Check","true",""
"invalid","Valid","valid","invalid","Travel desk","201 to 2500 ","Invalid","Uncheck","true",""
"invalid","Valid","valid","invalid","Travel desk","More than 2500.","Valid","Check","true",""
"invalid","Valid","valid","invalid","Travel desk","More than 2500.","Valid","Uncheck","true",""
"invalid","Valid","valid","invalid","Travel desk","More than 2500.","Invalid","Check","true",""
"invalid","Valid","valid","invalid","Travel desk","More than 2500.","Invalid","Uncheck","true",""
"invalid","Valid","valid","invalid","HR & Others.","Less than 50","Valid","Check","true",""
"invalid","Valid","valid","invalid","HR & Others.","Less than 50","Valid","Uncheck","true",""
"invalid","Valid","valid","invalid","HR & Others.","Less than 50","Invalid","Check","true",""
"invalid","Valid","valid","invalid","HR & Others.","Less than 50","Invalid","Uncheck","true",""
"invalid","Valid","valid","invalid","HR & Others.","5- to 200","Valid","Check","true",""
"invalid","Valid","valid","invalid","HR & Others.","5- to 200","Valid","Uncheck","true",""
"invalid","Valid","valid","invalid","HR & Others.","5- to 200","Invalid","Check","true",""
"invalid","Valid","valid","invalid","HR & Others.","5- to 200","Invalid","Uncheck","true",""
"invalid","Valid","valid","invalid","HR & Others.","201 to 2500 ","Valid","Check","true",""
"invalid","Valid","valid","invalid","HR & Others.","201 to 2500 ","Valid","Uncheck","true",""
"invalid","Valid","valid","invalid","HR & Others.","201 to 2500 ","Invalid","Check","true",""
"invalid","Valid","valid","invalid","HR & Others.","201 to 2500 ","Invalid","Uncheck","true",""
"invalid","Valid","valid","invalid","HR & Others.","More than 2500.","Valid","Check","true",""
"invalid","Valid","valid","invalid","HR & Others.","More than 2500.","Valid","Uncheck","true",""
"invalid","Valid","valid","invalid","HR & Others.","More than 2500.","Invalid","Check","true",""
"invalid","Valid","valid","invalid","HR & Others.","More than 2500.","Invalid","Uncheck","true",""
"invalid","Valid","invalid","valid","Admin","Less than 50","Valid","Check","true",""
"invalid","Valid","invalid","valid","Admin","Less than 50","Valid","Uncheck","true",""
"invalid","Valid","invalid","valid","Admin","Less than 50","Invalid","Check","true",""
"invalid","Valid","invalid","valid","Admin","Less than 50","Invalid","Uncheck","true",""
"invalid","Valid","invalid","valid","Admin","5- to 200","Valid","Check","true",""
"invalid","Valid","invalid","valid","Admin","5- to 200","Valid","Uncheck","true",""
"invalid","Valid","invalid","valid","Admin","5- to 200","Invalid","Check","true",""
"invalid","Valid","invalid","valid","Admin","5- to 200","Invalid","Uncheck","true",""
"invalid","Valid","invalid","valid","Admin","201 to 2500 ","Valid","Check","true",""
"invalid","Valid","invalid","valid","Admin","201 to 2500 ","Valid","Uncheck","true",""
"invalid","Valid","invalid","valid","Admin","201 to 2500 ","Invalid","Check","true",""
"invalid","Valid","invalid","valid","Admin","201 to 2500 ","Invalid","Uncheck","true",""
"invalid","Valid","invalid","valid","Admin","More than 2500.","Valid","Check","true",""
"invalid","Valid","invalid","valid","Admin","More than 2500.","Valid","Uncheck","true",""
"invalid","Valid","invalid","valid","Admin","More than 2500.","Invalid","Check","true",""
"invalid","Valid","invalid","valid","Admin","More than 2500.","Invalid","Uncheck","true",""
"invalid","Valid","invalid","valid","Finance","Less than 50","Valid","Check","true",""
"invalid","Valid","invalid","valid","Finance","Less than 50","Valid","Uncheck","true",""
"invalid","Valid","invalid","valid","Finance","Less than 50","Invalid","Check","true",""
"invalid","Valid","invalid","valid","Finance","Less than 50","Invalid","Uncheck","true",""
"invalid","Valid","invalid","valid","Finance","5- to 200","Valid","Check","true",""
"invalid","Valid","invalid","valid","Finance","5- to 200","Valid","Uncheck","true",""
"invalid","Valid","invalid","valid","Finance","5- to 200","Invalid","Check","true",""
"invalid","Valid","invalid","valid","Finance","5- to 200","Invalid","Uncheck","true",""
"invalid","Valid","invalid","valid","Finance","201 to 2500 ","Valid","Check","true",""
"invalid","Valid","invalid","valid","Finance","201 to 2500 ","Valid","Uncheck","true",""
"invalid","Valid","invalid","valid","Finance","201 to 2500 ","Invalid","Check","true",""
"invalid","Valid","invalid","valid","Finance","201 to 2500 ","Invalid","Uncheck","true",""
"invalid","Valid","invalid","valid","Finance","More than 2500.","Valid","Check","true",""
"invalid","Valid","invalid","valid","Finance","More than 2500.","Valid","Uncheck","true",""
"invalid","Valid","invalid","valid","Finance","More than 2500.","Invalid","Check","true",""
"invalid","Valid","invalid","valid","Finance","More than 2500.","Invalid","Uncheck","true",""
"invalid","Valid","invalid","valid","Travel desk","Less than 50","Valid","Check","true",""
"invalid","Valid","invalid","valid","Travel desk","Less than 50","Valid","Uncheck","true",""
"invalid","Valid","invalid","valid","Travel desk","Less than 50","Invalid","Check","true",""
"invalid","Valid","invalid","valid","Travel desk","Less than 50","Invalid","Uncheck","true",""
"invalid","Valid","invalid","valid","Travel desk","5- to 200","Valid","Check","true",""
"invalid","Valid","invalid","valid","Travel desk","5- to 200","Valid","Uncheck","true",""
"invalid","Valid","invalid","valid","Travel desk","5- to 200","Invalid","Check","true",""
"invalid","Valid","invalid","valid","Travel desk","5- to 200","Invalid","Uncheck","true",""
"invalid","Valid","invalid","valid","Travel desk","201 to 2500 ","Valid","Check","true",""
"invalid","Valid","invalid","valid","Travel desk","201 to 2500 ","Valid","Uncheck","true",""
"invalid","Valid","invalid","valid","Travel desk","201 to 2500 ","Invalid","Check","true",""
"invalid","Valid","invalid","valid","Travel desk","201 to 2500 ","Invalid","Uncheck","true",""
"invalid","Valid","invalid","valid","Travel desk","More than 2500.","Valid","Check","true",""
"invalid","Valid","invalid","valid","Travel desk","More than 2500.","Valid","Uncheck","true",""
"invalid","Valid","invalid","valid","Travel desk","More than 2500.","Invalid","Check","true",""
"invalid","Valid","invalid","valid","Travel desk","More than 2500.","Invalid","Uncheck","true",""
"invalid","Valid","invalid","valid","HR & Others.","Less than 50","Valid","Check","true",""
"invalid","Valid","invalid","valid","HR & Others.","Less than 50","Valid","Uncheck","true",""
"invalid","Valid","invalid","valid","HR & Others.","Less than 50","Invalid","Check","true",""
"invalid","Valid","invalid","valid","HR & Others.","Less than 50","Invalid","Uncheck","true",""
"invalid","Valid","invalid","valid","HR & Others.","5- to 200","Valid","Check","true",""
"invalid","Valid","invalid","valid","HR & Others.","5- to 200","Valid","Uncheck","true",""
"invalid","Valid","invalid","valid","HR & Others.","5- to 200","Invalid","Check","true",""
"invalid","Valid","invalid","valid","HR & Others.","5- to 200","Invalid","Uncheck","true",""
"invalid","Valid","invalid","valid","HR & Others.","201 to 2500 ","Valid","Check","true",""
"invalid","Valid","invalid","valid","HR & Others.","201 to 2500 ","Valid","Uncheck","true",""
"invalid","Valid","invalid","valid","HR & Others.","201 to 2500 ","Invalid","Check","true",""
"invalid","Valid","invalid","valid","HR & Others.","201 to 2500 ","Invalid","Uncheck","true",""
"invalid","Valid","invalid","valid","HR & Others.","More than 2500.","Valid","Check","true",""
"invalid","Valid","invalid","valid","HR & Others.","More than 2500.","Valid","Uncheck","true",""
"invalid","Valid","invalid","valid","HR & Others.","More than 2500.","Invalid","Check","true",""
"invalid","Valid","invalid","valid","HR & Others.","More than 2500.","Invalid","Uncheck","true",""
"invalid","Valid","invalid","invalid","Admin","Less than 50","Valid","Check","true",""
"invalid","Valid","invalid","invalid","Admin","Less than 50","Valid","Uncheck","true",""
"invalid","Valid","invalid","invalid","Admin","Less than 50","Invalid","Check","true",""
"invalid","Valid","invalid","invalid","Admin","Less than 50","Invalid","Uncheck","true",""
"invalid","Valid","invalid","invalid","Admin","5- to 200","Valid","Check","true",""
"invalid","Valid","invalid","invalid","Admin","5- to 200","Valid","Uncheck","true",""
"invalid","Valid","invalid","invalid","Admin","5- to 200","Invalid","Check","true",""
"invalid","Valid","invalid","invalid","Admin","5- to 200","Invalid","Uncheck","true",""
"invalid","Valid","invalid","invalid","Admin","201 to 2500 ","Valid","Check","true",""
"invalid","Valid","invalid","invalid","Admin","201 to 2500 ","Valid","Uncheck","true",""
"invalid","Valid","invalid","invalid","Admin","201 to 2500 ","Invalid","Check","true",""
"invalid","Valid","invalid","invalid","Admin","201 to 2500 ","Invalid","Uncheck","true",""
"invalid","Valid","invalid","invalid","Admin","More than 2500.","Valid","Check","true",""
"invalid","Valid","invalid","invalid","Admin","More than 2500.","Valid","Uncheck","true",""
"invalid","Valid","invalid","invalid","Admin","More than 2500.","Invalid","Check","true",""
"invalid","Valid","invalid","invalid","Admin","More than 2500.","Invalid","Uncheck","true",""
"invalid","Valid","invalid","invalid","Finance","Less than 50","Valid","Check","true",""
"invalid","Valid","invalid","invalid","Finance","Less than 50","Valid","Uncheck","true",""
"invalid","Valid","invalid","invalid","Finance","Less than 50","Invalid","Check","true",""
"invalid","Valid","invalid","invalid","Finance","Less than 50","Invalid","Uncheck","true",""
"invalid","Valid","invalid","invalid","Finance","5- to 200","Valid","Check","true",""
"invalid","Valid","invalid","invalid","Finance","5- to 200","Valid","Uncheck","true",""
"invalid","Valid","invalid","invalid","Finance","5- to 200","Invalid","Check","true",""
"invalid","Valid","invalid","invalid","Finance","5- to 200","Invalid","Uncheck","true",""
"invalid","Valid","invalid","invalid","Finance","201 to 2500 ","Valid","Check","true",""
"invalid","Valid","invalid","invalid","Finance","201 to 2500 ","Valid","Uncheck","true",""
"invalid","Valid","invalid","invalid","Finance","201 to 2500 ","Invalid","Check","true",""
"invalid","Valid","invalid","invalid","Finance","201 to 2500 ","Invalid","Uncheck","true",""
"invalid","Valid","invalid","invalid","Finance","More than 2500.","Valid","Check","true",""
"invalid","Valid","invalid","invalid","Finance","More than 2500.","Valid","Uncheck","true",""
"invalid","Valid","invalid","invalid","Finance","More than 2500.","Invalid","Check","true",""
"invalid","Valid","invalid","invalid","Finance","More than 2500.","Invalid","Uncheck","true",""
"invalid","Valid","invalid","invalid","Travel desk","Less than 50","Valid","Check","true",""
"invalid","Valid","invalid","invalid","Travel desk","Less than 50","Valid","Uncheck","true",""
"invalid","Valid","invalid","invalid","Travel desk","Less than 50","Invalid","Check","true",""
"invalid","Valid","invalid","invalid","Travel desk","Less than 50","Invalid","Uncheck","true",""
"invalid","Valid","invalid","invalid","Travel desk","5- to 200","Valid","Check","true",""
"invalid","Valid","invalid","invalid","Travel desk","5- to 200","Valid","Uncheck","true",""
"invalid","Valid","invalid","invalid","Travel desk","5- to 200","Invalid","Check","true",""
"invalid","Valid","invalid","invalid","Travel desk","5- to 200","Invalid","Uncheck","true",""
"invalid","Valid","invalid","invalid","Travel desk","201 to 2500 ","Valid","Check","true",""
"invalid","Valid","invalid","invalid","Travel desk","201 to 2500 ","Valid","Uncheck","true",""
"invalid","Valid","invalid","invalid","Travel desk","201 to 2500 ","Invalid","Check","true",""
"invalid","Valid","invalid","invalid","Travel desk","201 to 2500 ","Invalid","Uncheck","true",""
"invalid","Valid","invalid","invalid","Travel desk","More than 2500.","Valid","Check","true",""
"invalid","Valid","invalid","invalid","Travel desk","More than 2500.","Valid","Uncheck","true",""
"invalid","Valid","invalid","invalid","Travel desk","More than 2500.","Invalid","Check","true",""
"invalid","Valid","invalid","invalid","Travel desk","More than 2500.","Invalid","Uncheck","true",""
"invalid","Valid","invalid","invalid","HR & Others.","Less than 50","Valid","Check","true",""
"invalid","Valid","invalid","invalid","HR & Others.","Less than 50","Valid","Uncheck","true",""
"invalid","Valid","invalid","invalid","HR & Others.","Less than 50","Invalid","Check","true",""
"invalid","Valid","invalid","invalid","HR & Others.","Less than 50","Invalid","Uncheck","true",""
"invalid","Valid","invalid","invalid","HR & Others.","5- to 200","Valid","Check","true",""
"invalid","Valid","invalid","invalid","HR & Others.","5- to 200","Valid","Uncheck","true",""
"invalid","Valid","invalid","invalid","HR & Others.","5- to 200","Invalid","Check","true",""
"invalid","Valid","invalid","invalid","HR & Others.","5- to 200","Invalid","Uncheck","true",""
"invalid","Valid","invalid","invalid","HR & Others.","201 to 2500 ","Valid","Check","true",""
"invalid","Valid","invalid","invalid","HR & Others.","201 to 2500 ","Valid","Uncheck","true",""
"invalid","Valid","invalid","invalid","HR & Others.","201 to 2500 ","Invalid","Check","true",""
"invalid","Valid","invalid","invalid","HR & Others.","201 to 2500 ","Invalid","Uncheck","true",""
"invalid","Valid","invalid","invalid","HR & Others.","More than 2500.","Valid","Check","true",""
"invalid","Valid","invalid","invalid","HR & Others.","More than 2500.","Valid","Uncheck","true",""
"invalid","Valid","invalid","invalid","HR & Others.","More than 2500.","Invalid","Check","true",""
"invalid","Valid","invalid","invalid","HR & Others.","More than 2500.","Invalid","Uncheck","true",""
"invalid","Invalid","valid","valid","Admin","Less than 50","Valid","Check","true",""
"invalid","Invalid","valid","valid","Admin","Less than 50","Valid","Uncheck","true",""
"invalid","Invalid","valid","valid","Admin","Less than 50","Invalid","Check","true",""
"invalid","Invalid","valid","valid","Admin","Less than 50","Invalid","Uncheck","true",""
"invalid","Invalid","valid","valid","Admin","5- to 200","Valid","Check","true",""
"invalid","Invalid","valid","valid","Admin","5- to 200","Valid","Uncheck","true",""
"invalid","Invalid","valid","valid","Admin","5- to 200","Invalid","Check","true",""
"invalid","Invalid","valid","valid","Admin","5- to 200","Invalid","Uncheck","true",""
"invalid","Invalid","valid","valid","Admin","201 to 2500 ","Valid","Check","true",""
"invalid","Invalid","valid","valid","Admin","201 to 2500 ","Valid","Uncheck","true",""
"invalid","Invalid","valid","valid","Admin","201 to 2500 ","Invalid","Check","true",""
"invalid","Invalid","valid","valid","Admin","201 to 2500 ","Invalid","Uncheck","true",""
"invalid","Invalid","valid","valid","Admin","More than 2500.","Valid","Check","true",""
"invalid","Invalid","valid","valid","Admin","More than 2500.","Valid","Uncheck","true",""
"invalid","Invalid","valid","valid","Admin","More than 2500.","Invalid","Check","true",""
"invalid","Invalid","valid","valid","Admin","More than 2500.","Invalid","Uncheck","true",""
"invalid","Invalid","valid","valid","Finance","Less than 50","Valid","Check","true",""
"invalid","Invalid","valid","valid","Finance","Less than 50","Valid","Uncheck","true",""
"invalid","Invalid","valid","valid","Finance","Less than 50","Invalid","Check","true",""
"invalid","Invalid","valid","valid","Finance","Less than 50","Invalid","Uncheck","true",""
"invalid","Invalid","valid","valid","Finance","5- to 200","Valid","Check","true",""
"invalid","Invalid","valid","valid","Finance","5- to 200","Valid","Uncheck","true",""
"invalid","Invalid","valid","valid","Finance","5- to 200","Invalid","Check","true",""
"invalid","Invalid","valid","valid","Finance","5- to 200","Invalid","Uncheck","true",""
"invalid","Invalid","valid","valid","Finance","201 to 2500 ","Valid","Check","true",""
"invalid","Invalid","valid","valid","Finance","201 to 2500 ","Valid","Uncheck","true",""
"invalid","Invalid","valid","valid","Finance","201 to 2500 ","Invalid","Check","true",""
"invalid","Invalid","valid","valid","Finance","201 to 2500 ","Invalid","Uncheck","true",""
"invalid","Invalid","valid","valid","Finance","More than 2500.","Valid","Check","true",""
"invalid","Invalid","valid","valid","Finance","More than 2500.","Valid","Uncheck","true",""
"invalid","Invalid","valid","valid","Finance","More than 2500.","Invalid","Check","true",""
"invalid","Invalid","valid","valid","Finance","More than 2500.","Invalid","Uncheck","true",""
"invalid","Invalid","valid","valid","Travel desk","Less than 50","Valid","Check","true",""
"invalid","Invalid","valid","valid","Travel desk","Less than 50","Valid","Uncheck","true",""
"invalid","Invalid","valid","valid","Travel desk","Less than 50","Invalid","Check","true",""
"invalid","Invalid","valid","valid","Travel desk","Less than 50","Invalid","Uncheck","true",""
"invalid","Invalid","valid","valid","Travel desk","5- to 200","Valid","Check","true",""
"invalid","Invalid","valid","valid","Travel desk","5- to 200","Valid","Uncheck","true",""
"invalid","Invalid","valid","valid","Travel desk","5- to 200","Invalid","Check","true",""
"invalid","Invalid","valid","valid","Travel desk","5- to 200","Invalid","Uncheck","true",""
"invalid","Invalid","valid","valid","Travel desk","201 to 2500 ","Valid","Check","true",""
"invalid","Invalid","valid","valid","Travel desk","201 to 2500 ","Valid","Uncheck","true",""
"invalid","Invalid","valid","valid","Travel desk","201 to 2500 ","Invalid","Check","true",""
"invalid","Invalid","valid","valid","Travel desk","201 to 2500 ","Invalid","Uncheck","true",""
"invalid","Invalid","valid","valid","Travel desk","More than 2500.","Valid","Check","true",""
"invalid","Invalid","valid","valid","Travel desk","More than 2500.","Valid","Uncheck","true",""
"invalid","Invalid","valid","valid","Travel desk","More than 2500.","Invalid","Check","true",""
"invalid","Invalid","valid","valid","Travel desk","More than 2500.","Invalid","Uncheck","true",""
"invalid","Invalid","valid","valid","HR & Others.","Less than 50","Valid","Check","true",""
"invalid","Invalid","valid","valid","HR & Others.","Less than 50","Valid","Uncheck","true",""
"invalid","Invalid","valid","valid","HR & Others.","Less than 50","Invalid","Check","true",""
"invalid","Invalid","valid","valid","HR & Others.","Less than 50","Invalid","Uncheck","true",""
"invalid","Invalid","valid","valid","HR & Others.","5- to 200","Valid","Check","true",""
"invalid","Invalid","valid","valid","HR & Others.","5- to 200","Valid","Uncheck","true",""
"invalid","Invalid","valid","valid","HR & Others.","5- to 200","Invalid","Check","true",""
"invalid","Invalid","valid","valid","HR & Others.","5- to 200","Invalid","Uncheck","true",""
"invalid","Invalid","valid","valid","HR & Others.","201 to 2500 ","Valid","Check","true",""
"invalid","Invalid","valid","valid","HR & Others.","201 to 2500 ","Valid","Uncheck","true",""
"invalid","Invalid","valid","valid","HR & Others.","201 to 2500 ","Invalid","Check","true",""
"invalid","Invalid","valid","valid","HR & Others.","201 to 2500 ","Invalid","Uncheck","true",""
"invalid","Invalid","valid","valid","HR & Others.","More than 2500.","Valid","Check","true",""
"invalid","Invalid","valid","valid","HR & Others.","More than 2500.","Valid","Uncheck","true",""
"invalid","Invalid","valid","valid","HR & Others.","More than 2500.","Invalid","Check","true",""
"invalid","Invalid","valid","valid","HR & Others.","More than 2500.","Invalid","Uncheck","true",""
"invalid","Invalid","valid","invalid","Admin","Less than 50","Valid","Check","true",""
"invalid","Invalid","valid","invalid","Admin","Less than 50","Valid","Uncheck","true",""
"invalid","Invalid","valid","invalid","Admin","Less than 50","Invalid","Check","true",""
"invalid","Invalid","valid","invalid","Admin","Less than 50","Invalid","Uncheck","true",""
"invalid","Invalid","valid","invalid","Admin","5- to 200","Valid","Check","true",""
"invalid","Invalid","valid","invalid","Admin","5- to 200","Valid","Uncheck","true",""
"invalid","Invalid","valid","invalid","Admin","5- to 200","Invalid","Check","true",""
"invalid","Invalid","valid","invalid","Admin","5- to 200","Invalid","Uncheck","true",""
"invalid","Invalid","valid","invalid","Admin","201 to 2500 ","Valid","Check","true",""
"invalid","Invalid","valid","invalid","Admin","201 to 2500 ","Valid","Uncheck","true",""
"invalid","Invalid","valid","invalid","Admin","201 to 2500 ","Invalid","Check","true",""
"invalid","Invalid","valid","invalid","Admin","201 to 2500 ","Invalid","Uncheck","true",""
"invalid","Invalid","valid","invalid","Admin","More than 2500.","Valid","Check","true",""
"invalid","Invalid","valid","invalid","Admin","More than 2500.","Valid","Uncheck","true",""
"invalid","Invalid","valid","invalid","Admin","More than 2500.","Invalid","Check","true",""
"invalid","Invalid","valid","invalid","Admin","More than 2500.","Invalid","Uncheck","true",""
"invalid","Invalid","valid","invalid","Finance","Less than 50","Valid","Check","true",""
"invalid","Invalid","valid","invalid","Finance","Less than 50","Valid","Uncheck","true",""
"invalid","Invalid","valid","invalid","Finance","Less than 50","Invalid","Check","true",""
"invalid","Invalid","valid","invalid","Finance","Less than 50","Invalid","Uncheck","true",""
"invalid","Invalid","valid","invalid","Finance","5- to 200","Valid","Check","true",""
"invalid","Invalid","valid","invalid","Finance","5- to 200","Valid","Uncheck","true",""
"invalid","Invalid","valid","invalid","Finance","5- to 200","Invalid","Check","true",""
"invalid","Invalid","valid","invalid","Finance","5- to 200","Invalid","Uncheck","true",""
"invalid","Invalid","valid","invalid","Finance","201 to 2500 ","Valid","Check","true",""
"invalid","Invalid","valid","invalid","Finance","201 to 2500 ","Valid","Uncheck","true",""
"invalid","Invalid","valid","invalid","Finance","201 to 2500 ","Invalid","Check","true",""
"invalid","Invalid","valid","invalid","Finance","201 to 2500 ","Invalid","Uncheck","true",""
"invalid","Invalid","valid","invalid","Finance","More than 2500.","Valid","Check","true",""
"invalid","Invalid","valid","invalid","Finance","More than 2500.","Valid","Uncheck","true",""
"invalid","Invalid","valid","invalid","Finance","More than 2500.","Invalid","Check","true",""
"invalid","Invalid","valid","invalid","Finance","More than 2500.","Invalid","Uncheck","true",""
"invalid","Invalid","valid","invalid","Travel desk","Less than 50","Valid","Check","true",""
"invalid","Invalid","valid","invalid","Travel desk","Less than 50","Valid","Uncheck","true",""
"invalid","Invalid","valid","invalid","Travel desk","Less than 50","Invalid","Check","true",""
"invalid","Invalid","valid","invalid","Travel desk","Less than 50","Invalid","Uncheck","true",""
"invalid","Invalid","valid","invalid","Travel desk","5- to 200","Valid","Check","true",""
"invalid","Invalid","valid","invalid","Travel desk","5- to 200","Valid","Uncheck","true",""
"invalid","Invalid","valid","invalid","Travel desk","5- to 200","Invalid","Check","true",""
"invalid","Invalid","valid","invalid","Travel desk","5- to 200","Invalid","Uncheck","true",""
"invalid","Invalid","valid","invalid","Travel desk","201 to 2500 ","Valid","Check","true",""
"invalid","Invalid","valid","invalid","Travel desk","201 to 2500 ","Valid","Uncheck","true",""
"invalid","Invalid","valid","invalid","Travel desk","201 to 2500 ","Invalid","Check","true",""
"invalid","Invalid","valid","invalid","Travel desk","201 to 2500 ","Invalid","Uncheck","true",""
"invalid","Invalid","valid","invalid","Travel desk","More than 2500.","Valid","Check","true",""
"invalid","Invalid","valid","invalid","Travel desk","More than 2500.","Valid","Uncheck","true",""
"invalid","Invalid","valid","invalid","Travel desk","More than 2500.","Invalid","Check","true",""
"invalid","Invalid","valid","invalid","Travel desk","More than 2500.","Invalid","Uncheck","true",""
"invalid","Invalid","valid","invalid","HR & Others.","Less than 50","Valid","Check","true",""
"invalid","Invalid","valid","invalid","HR & Others.","Less than 50","Valid","Uncheck","true",""
"invalid","Invalid","valid","invalid","HR & Others.","Less than 50","Invalid","Check","true",""
"invalid","Invalid","valid","invalid","HR & Others.","Less than 50","Invalid","Uncheck","true",""
"invalid","Invalid","valid","invalid","HR & Others.","5- to 200","Valid","Check","true",""
"invalid","Invalid","valid","invalid","HR & Others.","5- to 200","Valid","Uncheck","true",""
"invalid","Invalid","valid","invalid","HR & Others.","5- to 200","Invalid","Check","true",""
"invalid","Invalid","valid","invalid","HR & Others.","5- to 200","Invalid","Uncheck","true",""
"invalid","Invalid","valid","invalid","HR & Others.","201 to 2500 ","Valid","Check","true",""
"invalid","Invalid","valid","invalid","HR & Others.","201 to 2500 ","Valid","Uncheck","true",""
"invalid","Invalid","valid","invalid","HR & Others.","201 to 2500 ","Invalid","Check","true",""
"invalid","Invalid","valid","invalid","HR & Others.","201 to 2500 ","Invalid","Uncheck","true",""
"invalid","Invalid","valid","invalid","HR & Others.","More than 2500.","Valid","Check","true",""
"invalid","Invalid","valid","invalid","HR & Others.","More than 2500.","Valid","Uncheck","true",""
"invalid","Invalid","valid","invalid","HR & Others.","More than 2500.","Invalid","Check","true",""
"invalid","Invalid","valid","invalid","HR & Others.","More than 2500.","Invalid","Uncheck","true",""
"invalid","Invalid","invalid","valid","Admin","Less than 50","Valid","Check","true",""
"invalid","Invalid","invalid","valid","Admin","Less than 50","Valid","Uncheck","true",""
"invalid","Invalid","invalid","valid","Admin","Less than 50","Invalid","Check","true",""
"invalid","Invalid","invalid","valid","Admin","Less than 50","Invalid","Uncheck","true",""
"invalid","Invalid","invalid","valid","Admin","5- to 200","Valid","Check","true",""
"invalid","Invalid","invalid","valid","Admin","5- to 200","Valid","Uncheck","true",""
"invalid","Invalid","invalid","valid","Admin","5- to 200","Invalid","Check","true",""
"invalid","Invalid","invalid","valid","Admin","5- to 200","Invalid","Uncheck","true",""
"invalid","Invalid","invalid","valid","Admin","201 to 2500 ","Valid","Check","true",""
"invalid","Invalid","invalid","valid","Admin","201 to 2500 ","Valid","Uncheck","true",""
"invalid","Invalid","invalid","valid","Admin","201 to 2500 ","Invalid","Check","true",""
"invalid","Invalid","invalid","valid","Admin","201 to 2500 ","Invalid","Uncheck","true",""
"invalid","Invalid","invalid","valid","Admin","More than 2500.","Valid","Check","true",""
"invalid","Invalid","invalid","valid","Admin","More than 2500.","Valid","Uncheck","true",""
"invalid","Invalid","invalid","valid","Admin","More than 2500.","Invalid","Check","true",""
"invalid","Invalid","invalid","valid","Admin","More than 2500.","Invalid","Uncheck","true",""
"invalid","Invalid","invalid","valid","Finance","Less than 50","Valid","Check","true",""
"invalid","Invalid","invalid","valid","Finance","Less than 50","Valid","Uncheck","true",""
"invalid","Invalid","invalid","valid","Finance","Less than 50","Invalid","Check","true",""
"invalid","Invalid","invalid","valid","Finance","Less than 50","Invalid","Uncheck","true",""
"invalid","Invalid","invalid","valid","Finance","5- to 200","Valid","Check","true",""
"invalid","Invalid","invalid","valid","Finance","5- to 200","Valid","Uncheck","true",""
"invalid","Invalid","invalid","valid","Finance","5- to 200","Invalid","Check","true",""
"invalid","Invalid","invalid","valid","Finance","5- to 200","Invalid","Uncheck","true",""
"invalid","Invalid","invalid","valid","Finance","201 to 2500 ","Valid","Check","true",""
"invalid","Invalid","invalid","valid","Finance","201 to 2500 ","Valid","Uncheck","true",""
"invalid","Invalid","invalid","valid","Finance","201 to 2500 ","Invalid","Check","true",""
"invalid","Invalid","invalid","valid","Finance","201 to 2500 ","Invalid","Uncheck","true",""
"invalid","Invalid","invalid","valid","Finance","More than 2500.","Valid","Check","true",""
"invalid","Invalid","invalid","valid","Finance","More than 2500.","Valid","Uncheck","true",""
"invalid","Invalid","invalid","valid","Finance","More than 2500.","Invalid","Check","true",""
"invalid","Invalid","invalid","valid","Finance","More than 2500.","Invalid","Uncheck","true",""
"invalid","Invalid","invalid","valid","Travel desk","Less than 50","Valid","Check","true",""
"invalid","Invalid","invalid","valid","Travel desk","Less than 50","Valid","Uncheck","true",""
"invalid","Invalid","invalid","valid","Travel desk","Less than 50","Invalid","Check","true",""
"invalid","Invalid","invalid","valid","Travel desk","Less than 50","Invalid","Uncheck","true",""
"invalid","Invalid","invalid","valid","Travel desk","5- to 200","Valid","Check","true",""
"invalid","Invalid","invalid","valid","Travel desk","5- to 200","Valid","Uncheck","true",""
"invalid","Invalid","invalid","valid","Travel desk","5- to 200","Invalid","Check","true",""
"invalid","Invalid","invalid","valid","Travel desk","5- to 200","Invalid","Uncheck","true",""
"invalid","Invalid","invalid","valid","Travel desk","201 to 2500 ","Valid","Check","true",""
"invalid","Invalid","invalid","valid","Travel desk","201 to 2500 ","Valid","Uncheck","true",""
"invalid","Invalid","invalid","valid","Travel desk","201 to 2500 ","Invalid","Check","true",""
"invalid","Invalid","invalid","valid","Travel desk","201 to 2500 ","Invalid","Uncheck","true",""
"invalid","Invalid","invalid","valid","Travel desk","More than 2500.","Valid","Check","true",""
"invalid","Invalid","invalid","valid","Travel desk","More than 2500.","Valid","Uncheck","true",""
"invalid","Invalid","invalid","valid","Travel desk","More than 2500.","Invalid","Check","true",""
"invalid","Invalid","invalid","valid","Travel desk","More than 2500.","Invalid","Uncheck","true",""
"invalid","Invalid","invalid","valid","HR & Others.","Less than 50","Valid","Check","true",""
"invalid","Invalid","invalid","valid","HR & Others.","Less than 50","Valid","Uncheck","true",""
"invalid","Invalid","invalid","valid","HR & Others.","Less than 50","Invalid","Check","true",""
"invalid","Invalid","invalid","valid","HR & Others.","Less than 50","Invalid","Uncheck","true",""
"invalid","Invalid","invalid","valid","HR & Others.","5- to 200","Valid","Check","true",""
"invalid","Invalid","invalid","valid","HR & Others.","5- to 200","Valid","Uncheck","true",""
"invalid","Invalid","invalid","valid","HR & Others.","5- to 200","Invalid","Check","true",""
"invalid","Invalid","invalid","valid","HR & Others.","5- to 200","Invalid","Uncheck","true",""
"invalid","Invalid","invalid","valid","HR & Others.","201 to 2500 ","Valid","Check","true",""
"invalid","Invalid","invalid","valid","HR & Others.","201 to 2500 ","Valid","Uncheck","true",""
"invalid","Invalid","invalid","valid","HR & Others.","201 to 2500 ","Invalid","Check","true",""
"invalid","Invalid","invalid","valid","HR & Others.","201 to 2500 ","Invalid","Uncheck","true",""
"invalid","Invalid","invalid","valid","HR & Others.","More than 2500.","Valid","Check","true",""
"invalid","Invalid","invalid","valid","HR & Others.","More than 2500.","Valid","Uncheck","true",""
"invalid","Invalid","invalid","valid","HR & Others.","More than 2500.","Invalid","Check","true",""
"invalid","Invalid","invalid","valid","HR & Others.","More than 2500.","Invalid","Uncheck","true",""
"invalid","Invalid","invalid","invalid","Admin","Less than 50","Valid","Check","true",""
"invalid","Invalid","invalid","invalid","Admin","Less than 50","Valid","Uncheck","true",""
"invalid","Invalid","invalid","invalid","Admin","Less than 50","Invalid","Check","true",""
"invalid","Invalid","invalid","invalid","Admin","Less than 50","Invalid","Uncheck","true",""
"invalid","Invalid","invalid","invalid","Admin","5- to 200","Valid","Check","true",""
"invalid","Invalid","invalid","invalid","Admin","5- to 200","Valid","Uncheck","true",""
"invalid","Invalid","invalid","invalid","Admin","5- to 200","Invalid","Check","true",""
"invalid","Invalid","invalid","invalid","Admin","5- to 200","Invalid","Uncheck","true",""
"invalid","Invalid","invalid","invalid","Admin","201 to 2500 ","Valid","Check","true",""
"invalid","Invalid","invalid","invalid","Admin","201 to 2500 ","Valid","Uncheck","true",""
"invalid","Invalid","invalid","invalid","Admin","201 to 2500 ","Invalid","Check","true",""
"invalid","Invalid","invalid","invalid","Admin","201 to 2500 ","Invalid","Uncheck","true",""
"invalid","Invalid","invalid","invalid","Admin","More than 2500.","Valid","Check","true",""
"invalid","Invalid","invalid","invalid","Admin","More than 2500.","Valid","Uncheck","true",""
"invalid","Invalid","invalid","invalid","Admin","More than 2500.","Invalid","Check","true",""
"invalid","Invalid","invalid","invalid","Admin","More than 2500.","Invalid","Uncheck","true",""
"invalid","Invalid","invalid","invalid","Finance","Less than 50","Valid","Check","true",""
"invalid","Invalid","invalid","invalid","Finance","Less than 50","Valid","Uncheck","true",""
"invalid","Invalid","invalid","invalid","Finance","Less than 50","Invalid","Check","true",""
"invalid","Invalid","invalid","invalid","Finance","Less than 50","Invalid","Uncheck","true",""
"invalid","Invalid","invalid","invalid","Finance","5- to 200","Valid","Check","true",""
"invalid","Invalid","invalid","invalid","Finance","5- to 200","Valid","Uncheck","true",""
"invalid","Invalid","invalid","invalid","Finance","5- to 200","Invalid","Check","true",""
"invalid","Invalid","invalid","invalid","Finance","5- to 200","Invalid","Uncheck","true",""
"invalid","Invalid","invalid","invalid","Finance","201 to 2500 ","Valid","Check","true",""
"invalid","Invalid","invalid","invalid","Finance","201 to 2500 ","Valid","Uncheck","true",""
"invalid","Invalid","invalid","invalid","Finance","201 to 2500 ","Invalid","Check","true",""
"invalid","Invalid","invalid","invalid","Finance","201 to 2500 ","Invalid","Uncheck","true",""
"invalid","Invalid","invalid","invalid","Finance","More than 2500.","Valid","Check","true",""
"invalid","Invalid","invalid","invalid","Finance","More than 2500.","Valid","Uncheck","true",""
"invalid","Invalid","invalid","invalid","Finance","More than 2500.","Invalid","Check","true",""
"invalid","Invalid","invalid","invalid","Finance","More than 2500.","Invalid","Uncheck","true",""
"invalid","Invalid","invalid","invalid","Travel desk","Less than 50","Valid","Check","true",""
"invalid","Invalid","invalid","invalid","Travel desk","Less than 50","Valid","Uncheck","true",""
"invalid","Invalid","invalid","invalid","Travel desk","Less than 50","Invalid","Check","true",""
"invalid","Invalid","invalid","invalid","Travel desk","Less than 50","Invalid","Uncheck","true",""
"invalid","Invalid","invalid","invalid","Travel desk","5- to 200","Valid","Check","true",""
"invalid","Invalid","invalid","invalid","Travel desk","5- to 200","Valid","Uncheck","true",""
"invalid","Invalid","invalid","invalid","Travel desk","5- to 200","Invalid","Check","true",""
"invalid","Invalid","invalid","invalid","Travel desk","5- to 200","Invalid","Uncheck","true",""
"invalid","Invalid","invalid","invalid","Travel desk","201 to 2500 ","Valid","Check","true",""
"invalid","Invalid","invalid","invalid","Travel desk","201 to 2500 ","Valid","Uncheck","true",""
"invalid","Invalid","invalid","invalid","Travel desk","201 to 2500 ","Invalid","Check","true",""
"invalid","Invalid","invalid","invalid","Travel desk","201 to 2500 ","Invalid","Uncheck","true",""
"invalid","Invalid","invalid","invalid","Travel desk","More than 2500.","Valid","Check","true",""
"invalid","Invalid","invalid","invalid","Travel desk","More than 2500.","Valid","Uncheck","true",""
"invalid","Invalid","invalid","invalid","Travel desk","More than 2500.","Invalid","Check","true",""
"invalid","Invalid","invalid","invalid","Travel desk","More than 2500.","Invalid","Uncheck","true",""
"invalid","Invalid","invalid","invalid","HR & Others.","Less than 50","Valid","Check","true",""
"invalid","Invalid","invalid","invalid","HR & Others.","Less than 50","Valid","Uncheck","true",""
"invalid","Invalid","invalid","invalid","HR & Others.","Less than 50","Invalid","Check","true",""
"invalid","Invalid","invalid","invalid","HR & Others.","Less than 50","Invalid","Uncheck","true",""
"invalid","Invalid","invalid","invalid","HR & Others.","5- to 200","Valid","Check","true",""
"invalid","Invalid","invalid","invalid","HR & Others.","5- to 200","Valid","Uncheck","true",""
"invalid","Invalid","invalid","invalid","HR & Others.","5- to 200","Invalid","Check","true",""
"invalid","Invalid","invalid","invalid","HR & Others.","5- to 200","Invalid","Uncheck","true",""
"invalid","Invalid","invalid","invalid","HR & Others.","201 to 2500 ","Valid","Check","true",""
"invalid","Invalid","invalid","invalid","HR & Others.","201 to 2500 ","Valid","Uncheck","true",""
"invalid","Invalid","invalid","invalid","HR & Others.","201 to 2500 ","Invalid","Check","true",""
"invalid","Invalid","invalid","invalid","HR & Others.","201 to 2500 ","Invalid","Uncheck","true",""
"invalid","Invalid","invalid","invalid","HR & Others.","More than 2500.","Valid","Check","true",""
"invalid","Invalid","invalid","invalid","HR & Others.","More than 2500.","Valid","Uncheck","true",""
"invalid","Invalid","invalid","invalid","HR & Others.","More than 2500.","Invalid","Check","true",""
"invalid","Invalid","invalid","invalid","HR & Others.","More than 2500.","Invalid","Uncheck","true",""
